"동별(1)",동별(2),동별(3),2020,2020,2020,2020,2020,2020,2020,2020,2021,2021,2021,2021,2021,2021,2021,2021,2022,2022,2022,2022,2022,2022,2022,2022,2023,2023,2023,2023,2023,2023,2023,2023,2024,2024,2024,2024,2024,2024,2024,2024
"동별(1)",동별(2),동별(3),합계,합계,합계,합계,합계,합계,합계,합계,합계,합계,합계,합계,합계,합계,합계,합계,합계,합계,합계,합계,합계,합계,합계,합계,합계,합계,합계,합계,합계,합계,합계,합계,합계,합계,합계,합계,합계,합계,합계,합계
"동별(1)",동별(2),동별(3),소계,소계,국민기초생활보장 수급권자,국민기초생활보장 수급권자,저소득노인,저소득노인,일   반,일   반,소계,소계,국민기초생활보장 수급권자,국민기초생활보장 수급권자,저소득노인,저소득노인,일   반,일   반,소계,소계,국민기초생활보장 수급권자,국민기초생활보장 수급권자,저소득노인,저소득노인,일   반,일   반,소계,소계,국민기초생활보장 수급권자,국민기초생활보장 수급권자,저소득노인,저소득노인,일   반,일   반,소계,소계,국민기초생활보장 수급권자,국민기초생활보장 수급권자,저소득노인,저소득노인,일   반,일   반
"동별(1)",동별(2),동별(3),계,계,계,계,계,계,계,계,계,계,계,계,계,계,계,계,계,계,계,계,계,계,계,계,계,계,계,계,계,계,계,계,계,계,계,계,계,계,계,계
"동별(1)",동별(2),동별(3),소계,여,소계,여,소계,여,소계,여,소계,여,소계,여,소계,여,소계,여,소계,여,소계,여,소계,여,소계,여,소계,여,소계,여,소계,여,소계,여,소계,여,소계,여,소계,여,소계,여
"서울특별시",소계,소계,366134,248176,92446,59172,19535,14301,254153,174703,392351,263917,110183,70159,14471,10712,267697,183046,422776,283884,122508,76805,13645,9545,286623,197534,448251,298503,129275,80614,12775,9156,306201,208733,494926,320592,142005,86962,15543,10927,337378,222703
"서울특별시",종로구,소계,9648,5895,1663,783,377,253,7608,4859,8573,5188,1839,864,337,215,6397,4109,8998,5402,2000,921,349,234,6649,4247,11178,6430,2231,1018,403,276,8544,5136,9076,5373,2363,1067,371,260,6342,4046
"서울특별시",종로구,사직동,590,395,52,30,18,12,520,353,490,330,60,30,10,8,420,292,513,342,56,31,10,6,447,305,556,359,54,30,14,9,488,320,510,344,69,38,21,15,420,291
"서울특별시",종로구,삼청동,240,168,16,12,3,3,221,153,189,131,17,12,6,6,166,113,213,142,19,13,4,4,190,125,193,135,17,10,10,8,166,117,177,119,20,11,6,5,151,103
"서울특별시",종로구,부암동,489,322,44,27,8,5,437,290,418,273,61,41,20,14,337,218,459,293,58,40,16,13,385,240,458,301,44,29,12,12,402,260,438,289,56,41,14,14,368,234
"서울특별시",종로구,평창동,754,554,44,34,15,13,695,507,703,506,48,38,22,17,633,451,794,580,56,41,22,17,716,522,834,608,59,41,35,26,740,541,799,572,61,40,31,23,707,509
"서울특별시",종로구,무악동,334,232,62,47,11,9,261,176,291,207,59,45,11,9,221,153,327,239,88,65,20,18,219,156,436,325,81,58,32,28,323,239,340,250,103,76,9,7,228,167
"서울특별시",종로구,교남동,503,356,89,52,49,37,365,267,414,294,79,48,14,11,321,235,444,318,55,29,18,12,371,277,577,402,119,72,28,15,430,315,449,324,106,72,52,34,291,218
"서울특별시",종로구,가회동,296,212,18,12,4,4,274,196,243,178,22,14,3,3,218,161,248,176,19,14,8,7,221,155,251,180,19,14,10,8,222,158,247,173,34,21,9,7,204,145
"서울특별시",종로구,종로1.2.3.4가동,1285,524,341,76,24,10,920,438,1215,467,372,86,35,10,808,371,1111,354,404,77,19,6,688,271,1489,411,426,82,21,8,1042,321,1127,339,474,86,19,10,634,243
"서울특별시",종로구,종로5.6가동,501,260,100,36,30,20,371,204,446,219,101,36,30,20,315,163,489,240,124,42,32,19,333,179,616,280,133,46,24,15,459,219,481,213,146,48,13,10,322,155
"서울특별시",종로구,이화동,508,345,84,50,50,35,374,260,430,294,101,62,26,20,303,212,456,302,100,62,40,28,316,212,601,391,134,76,33,23,434,292,432,287,107,61,30,21,295,205
"서울특별시",종로구,창신1동,646,316,212,73,29,14,405,229,602,293,208,61,9,7,385,225,544,266,201,63,15,10,328,193,813,386,234,86,37,23,542,277,592,289,216,76,14,8,362,205
"서울특별시",종로구,창신2동,631,393,147,85,16,12,468,296,587,377,147,85,16,12,424,280,659,415,209,118,34,22,416,275,951,571,251,135,26,20,674,416,685,428,268,148,32,20,385,260
"서울특별시",종로구,창신3동,326,203,60,36,16,9,250,158,285,190,60,36,16,9,209,145,309,212,77,42,7,6,225,164,404,262,85,44,11,9,308,209,326,214,111,57,9,9,206,148
"서울특별시",종로구,숭인1동,433,271,104,62,18,14,311,195,378,239,104,62,18,14,256,163,406,253,116,65,25,16,265,172,558,346,133,77,14,10,411,259,447,276,148,83,27,19,272,174
"서울특별시",종로구,숭인2동,722,368,160,54,23,14,539,300,660,320,223,85,58,32,379,203,711,359,218,82,37,21,456,256,954,444,229,83,25,16,700,345,749,359,242,81,28,17,479,261
"서울특별시",종로구,청운효자동,604,432,55,47,34,26,515,359,514,370,71,59,23,13,420,298,549,384,72,59,23,18,454,307,641,461,98,69,34,25,509,367,536,390,88,63,43,31,405,296
"서울특별시",종로구,혜화동,786,544,75,50,29,16,682,478,708,500,106,64,20,10,582,426,766,527,128,78,19,11,619,438,846,568,115,66,37,21,694,481,741,507,114,65,14,10,613,432
"서울특별시",중구,소계,7117,4291,1872,983,308,233,4937,3075,7553,4525,2168,1140,265,198,5120,3187,7425,4493,2392,1259,366,250,4667,2984,7987,4750,2553,1333,324,219,5110,3198,8088,4862,2762,1398,173,135,5153,3329
"서울특별시",중구,소공동,80,35,15,1,1,1,64,33,79,34,19,4,0,0,60,30,70,36,17,4,-,-,53,32,87,42,17,4,-,-,70,38,85,43,16,3,1,-,68,40
"서울특별시",중구,회현동,563,253,198,54,9,5,356,194,578,263,203,56,8,6,367,201,480,219,213,61,8,7,259,151,553,229,219,59,8,6,326,164,499,219,224,64,2,1,273,154
"서울특별시",중구,명동,199,103,38,15,5,3,156,85,215,106,41,20,5,3,169,83,192,96,30,18,2,2,160,76,199,103,24,17,-,-,175,86,181,100,23,16,1,1,157,83
"서울특별시",중구,필동,349,203,36,13,11,7,302,183,355,197,41,13,12,8,302,176,313,164,52,14,9,7,252,143,316,163,56,18,8,6,252,139,352,178,57,13,6,6,289,159
"서울특별시",중구,장충동,256,151,46,24,4,4,206,123,267,160,54,26,4,4,209,130,252,157,57,33,6,5,189,119,271,162,60,34,6,5,205,123,291,170,74,42,1,1,216,127
"서울특별시",중구,광희동,419,216,79,34,9,6,331,176,443,229,94,40,11,7,338,182,441,242,110,48,13,8,318,186,475,250,111,53,15,9,349,188,479,260,123,57,12,8,344,195
"서울특별시",중구,을지로동,260,86,68,14,10,6,182,66,274,89,78,17,9,4,187,68,276,85,91,15,7,3,178,67,292,95,91,16,10,5,191,74,284,95,91,16,6,3,187,76
"서울특별시",중구,신당5동,546,343,141,85,36,28,369,230,586,364,172,104,28,22,386,238,572,355,201,110,31,24,340,221,619,379,219,115,19,15,381,249,644,389,245,125,9,8,390,256
"서울특별시",중구,황학동,608,354,176,89,22,17,410,248,649,382,203,94,21,13,425,275,647,390,214,113,20,15,413,262,700,424,253,132,17,12,430,280,767,461,277,144,12,9,478,308
"서울특별시",중구,중림동,569,337,194,82,16,13,359,242,596,342,203,81,16,13,377,248,613,355,221,89,33,22,359,244,648,362,237,100,33,20,378,242,648,367,260,99,9,8,379,260
"서울특별시",중구,신당동,523,288,126,55,25,20,372,213,561,308,163,69,23,17,375,222,574,314,193,83,22,15,359,216,636,345,207,82,18,13,411,250,630,362,235,93,11,9,384,260
"서울특별시",중구,다산동,676,449,149,91,27,19,500,339,713,462,166,101,24,18,523,343,709,458,190,113,43,27,476,318,765,490,206,117,38,24,521,349,809,502,237,128,18,14,554,360
"서울특별시",중구,약수동,1016,719,302,221,85,64,629,434,1097,784,380,281,64,50,653,453,1124,800,418,303,110,71,596,426,1204,858,441,315,92,62,671,481,1242,876,450,311,51,41,741,524
"서울특별시",중구,청구동,719,522,254,177,34,26,431,319,783,560,284,198,29,23,470,339,825,590,318,218,47,31,460,341,868,610,340,229,43,29,485,352,786,570,353,235,24,17,409,318
"서울특별시",중구,동화동,334,232,50,28,14,14,270,190,357,245,67,36,11,10,279,199,337,232,67,37,15,13,255,182,354,238,72,42,17,13,265,183,391,270,97,52,10,9,284,209
"서울특별시",용산구,소계,10354,6911,2421,1397,247,185,7686,5329,11170,7297,2650,1497,345,227,8175,5573,9873,6501,2871,1633,290,190,6712,4678,10498,6783,3029,1693,96,71,7373,5019,13417,8341,3022,1664,110,75,10285,6602
"서울특별시",용산구,후암동,887,609,242,146,23,13,622,450,967,651,272,160,53,29,642,462,884,596,268,162,32,20,584,414,954,628,287,165,15,9,652,454,1319,848,317,186,13,8,989,654
"서울특별시",용산구,용산2가동,555,407,136,96,23,20,396,291,586,420,151,111,19,19,416,290,541,379,168,122,19,16,354,241,573,396,192,135,7,7,374,254,812,551,208,137,7,6,597,408
"서울특별시",용산구,남영동,893,314,446,95,14,5,433,214,981,310,488,107,5,4,488,199,869,262,520,104,3,3,346,155,969,276,559,111,4,2,406,163,1533,399,562,114,2,1,969,284
"서울특별시",용산구,원효로2동,527,379,152,97,14,11,361,271,547,378,157,101,19,13,371,264,538,381,177,108,14,9,347,264,570,399,189,117,6,5,375,277,1327,812,210,129,7,4,1110,679
"서울특별시",용산구,효창동,290,208,34,22,6,5,250,181,327,231,35,21,10,6,282,204,302,210,49,31,9,6,244,173,321,218,52,34,1,1,268,183,574,363,51,33,4,4,519,326
"서울특별시",용산구,용문동,446,332,127,99,6,4,313,229,507,373,170,131,14,9,323,233,489,362,183,137,17,11,289,214,532,397,207,156,4,4,321,237,843,595,224,169,7,6,612,420
"서울특별시",용산구,이촌1동,837,639,17,12,1,1,819,626,864,659,22,16,4,1,838,642,704,555,21,15,7,2,676,538,746,589,18,13,1,1,727,575,353,247,24,17,2,1,327,229
"서울특별시",용산구,이촌2동,388,299,53,39,7,6,328,254,445,339,57,45,11,9,377,285,405,315,65,52,9,7,331,256,427,323,75,56,4,3,348,264,649,485,85,64,2,2,562,419
"서울특별시",용산구,이태원1동,378,281,63,48,10,6,305,227,398,291,74,53,10,2,314,236,341,247,74,52,7,2,260,193,375,259,78,51,7,3,290,205,893,539,86,54,6,4,801,481
"서울특별시",용산구,이태원2동,501,356,89,72,12,9,400,275,521,373,84,69,23,13,414,291,430,319,89,71,15,9,326,239,513,374,97,74,4,3,412,297,849,664,101,75,4,3,744,586
"서울특별시",용산구,서빙고동,502,356,87,62,12,12,403,282,531,369,91,64,16,13,424,292,451,312,96,66,15,11,340,235,483,328,111,75,10,9,362,244,578,423,136,91,7,6,435,326
"서울특별시",용산구,보광동,814,583,263,191,44,36,507,356,881,618,279,197,52,39,550,382,788,566,309,215,40,31,439,320,791,552,303,206,15,12,473,334,632,433,229,151,14,11,389,271
"서울특별시",용산구,청파동,948,598,251,145,25,19,672,434,1037,627,291,164,33,23,713,440,965,605,339,194,29,16,597,395,1065,653,373,209,8,5,684,439,921,592,416,236,5,3,500,353
"서울특별시",용산구,원효로1동,515,326,90,48,13,11,412,267,546,343,105,30,22,13,419,300,493,312,128,70,22,14,343,228,517,330,132,72,2,2,383,256,782,497,139,72,12,7,631,418
"서울특별시",용산구,한강로동,860,544,176,103,13,9,671,432,907,574,174,102,14,8,719,464,767,484,171,102,14,8,582,374,806,497,174,101,3,1,629,395,702,444,172,92,13,6,517,346
"서울특별시",용산구,한남동,1013,680,195,122,24,18,794,540,1125,741,200,126,40,26,885,589,906,596,214,132,38,25,654,439,856,564,182,118,5,4,669,442,650,449,62,44,5,3,583,402
"서울특별시",성동구,소계,14036,9496,2605,1661,769,589,10662,7246,11231,7587,2985,1856,352,274,7894,5457,11313,7622,3255,1997,502,348,7556,5277,12141,8076,3536,2142,239,184,8366,5750,12612,8287,3776,2254,433,284,8403,5749
"서울특별시",성동구,왕십리2동,742,526,126,83,35,23,581,420,622,450,152,96,14,12,456,342,634,451,177,108,39,23,418,320,690,486,198,125,15,12,477,349,714,484,218,131,26,17,470,336
"서울특별시",성동구,마장동,1201,799,192,121,52,40,957,638,1020,670,237,152,25,18,758,500,996,659,258,160,46,32,692,467,1070,696,264,164,21,15,785,517,1103,697,293,175,36,22,774,500
"서울특별시",성동구,사근동,498,350,57,42,28,23,413,285,406,285,68,50,16,14,322,221,385,267,72,51,18,15,295,201,406,273,80,58,6,5,320,210,412,279,87,59,11,9,314,211
"서울특별시",성동구,행당1동,633,422,108,67,40,33,485,322,496,318,124,71,17,13,355,234,487,321,121,69,23,15,343,237,500,329,119,72,9,8,372,249,531,355,127,79,14,10,390,266
"서울특별시",성동구,행당2동,1077,812,241,186,95,78,741,548,820,600,281,208,34,30,505,362,860,640,321,240,52,41,487,359,928,680,347,258,33,29,548,393,950,695,383,284,52,35,515,376
"서울특별시",성동구,응봉동,562,426,39,26,25,22,498,378,522,397,63,40,18,14,441,343,488,366,62,39,27,18,399,309,511,380,66,39,10,7,435,334,519,375,69,38,20,14,430,323
"서울특별시",성동구,금호1가동,958,712,256,195,65,47,637,470,676,500,272,205,19,15,385,280,719,526,300,225,29,20,390,281,759,549,308,227,17,12,434,310,781,559,324,235,31,20,426,304
"서울특별시",성동구,금호4가동,712,517,134,89,36,31,542,397,613,458,160,109,21,20,432,329,634,462,178,127,26,21,430,314,694,503,198,139,9,7,487,357,732,529,220,147,18,12,494,370
"서울특별시",성동구,성수1가1동,672,427,115,58,30,21,527,348,531,341,129,63,19,15,383,263,542,328,147,63,12,11,383,254,603,371,160,67,9,6,434,298,638,380,178,71,13,10,447,299
"서울특별시",성동구,성수1가2동,489,317,69,40,19,13,401,264,410,269,74,41,12,7,324,221,425,278,69,37,16,10,340,231,460,296,75,40,10,5,375,251,491,313,84,47,16,9,391,257
"서울특별시",성동구,성수2가1동,1022,589,203,104,50,35,769,450,818,477,233,112,22,15,563,350,820,480,251,124,34,22,535,334,891,510,266,134,13,10,612,366,925,510,288,136,22,13,615,361
"서울특별시",성동구,성수2가3동,512,289,65,30,22,12,425,247,437,254,70,28,10,6,357,220,361,214,65,26,11,7,285,181,393,224,65,21,2,2,326,201,391,233,58,23,8,6,325,204
"서울특별시",성동구,송정동,718,437,158,89,51,38,509,310,535,318,183,95,24,16,328,207,541,309,196,101,32,17,313,191,587,345,231,117,14,7,342,221,612,352,231,115,25,13,356,224
"서울특별시",성동구,용답동,950,530,208,108,57,37,685,385,707,385,237,124,29,18,441,243,753,394,267,128,33,22,453,244,849,440,333,150,22,14,494,276,909,464,357,162,27,16,525,286
"서울특별시",성동구,왕십리도선동,1253,848,298,195,62,50,893,603,928,623,327,208,25,20,576,395,972,654,359,223,39,24,574,407,1002,675,378,237,19,17,605,421,1056,713,390,245,38,25,628,443
"서울특별시",성동구,금호2.3가동,1103,805,195,126,52,43,856,636,891,650,217,138,29,26,645,486,885,644,233,143,34,27,618,474,947,685,248,151,14,14,685,520,952,679,256,152,40,27,656,500
"서울특별시",성동구,옥수동,934,690,141,102,50,43,743,545,799,592,158,116,18,15,623,461,811,629,179,133,31,23,601,473,851,634,200,143,16,14,635,477,896,670,213,155,36,26,647,489
"서울특별시",광진구,소계,11403,7689,2697,1741,486,381,8220,5567,12159,8177,3164,2012,366,286,8629,5879,17429,11434,3489,2168,1002,661,12938,8605,13657,9026,3875,2361,981,632,8801,6033,18923,6526,4260,2534,194,117,14469,3875
"서울특별시",광진구,화양동,621,421,121,73,16,14,484,334,671,433,153,94,8,5,510,334,850,522,157,86,22,9,671,427,682,425,164,84,22,10,496,331,915,279,188,91,6,3,721,185
"서울특별시",광진구,군자동,784,497,227,140,22,17,535,340,853,538,251,145,16,14,586,379,1219,746,262,149,54,33,903,564,927,592,280,158,59,38,588,396,1288,464,292,160,15,12,981,292
"서울특별시",광진구,중곡1동,635,390,175,113,33,21,427,256,666,405,211,133,20,15,435,257,1025,639,236,147,70,46,719,446,759,477,254,161,70,47,435,269,1090,369,274,171,12,6,804,192
"서울특별시",광진구,중곡2동,708,470,161,99,54,39,493,332,766,518,194,124,37,29,535,365,1170,756,234,142,86,55,850,559,921,594,279,162,90,54,552,378,1378,414,332,196,14,9,1032,209
"서울특별시",광진구,중곡3동,809,524,221,146,38,31,550,347,852,554,266,179,31,26,555,349,1290,815,304,191,84,59,902,565,992,609,326,201,79,50,587,358,1491,492,371,223,18,11,1102,258
"서울특별시",광진구,중곡4동,1168,793,320,234,53,44,795,515,1236,828,363,249,50,40,823,539,1855,1248,413,286,154,105,1288,857,1354,892,446,292,134,87,774,513,1951,663,475,300,20,11,1456,352
"서울특별시",광진구,능동,345,231,67,45,13,11,265,175,366,241,81,49,11,8,274,184,519,341,91,58,29,20,399,263,408,270,103,62,29,20,276,188,548,196,114,63,10,8,424,125
"서울특별시",광진구,구의1동,753,511,185,121,34,26,534,364,802,537,214,140,19,13,569,384,1192,763,244,146,56,33,892,584,943,625,276,164,63,33,604,428,1323,439,307,177,12,6,1004,256
"서울특별시",광진구,구의2동,942,625,221,137,50,40,671,448,1008,682,259,169,45,34,704,479,1427,931,287,178,111,68,1029,685,1126,744,341,213,110,68,675,463,1583,533,388,229,16,9,1179,295
"서울특별시",광진구,구의3동,704,503,115,80,17,14,572,409,758,558,145,100,16,13,597,445,952,690,134,93,46,31,772,566,790,565,144,97,48,34,598,434,976,366,157,102,10,5,809,259
"서울특별시",광진구,광장동,538,383,60,39,19,16,459,328,562,396,69,45,17,14,476,337,700,487,67,46,27,19,606,422,618,435,76,50,26,19,516,366,762,328,81,49,5,3,676,276
"서울특별시",광진구,자양1동,909,627,261,174,40,31,608,422,977,664,308,191,29,22,640,451,1523,1007,361,220,88,59,1074,728,1147,784,396,246,85,58,666,480,1643,599,432,267,20,12,1191,320
"서울특별시",광진구,자양2동,751,530,185,117,29,26,537,387,803,554,220,136,21,19,562,399,1181,819,234,155,57,46,890,618,908,617,264,168,48,39,596,410,1245,417,289,184,9,5,947,228
"서울특별시",광진구,자양3동,703,515,91,56,28,24,584,435,764,573,97,62,20,16,647,495,958,688,107,66,42,27,809,595,862,626,125,75,40,25,697,526,1028,411,132,79,13,9,883,323
"서울특별시",광진구,자양4동,1033,669,287,167,40,27,706,475,1075,696,333,196,26,18,716,482,1568,982,358,205,76,51,1134,726,1220,771,401,228,78,50,741,493,1702,556,428,243,14,8,1260,305
"서울특별시",동대문,소계,16102,10387,4679,2658,583,422,10840,7307,17040,10922,5271,2948,493,361,11276,7613,17653,11322,5675,3157,773,487,11205,7678,18625,11817,5993,3286,446,321,12186,8210,19403,12188,6471,3462,393,289,12539,8437
"서울특별시",동대문,회기동,435,315,69,52,15,14,351,249,456,326,78,48,17,12,361,266,448,327,84,51,15,12,349,264,465,334,76,44,12,8,377,282,468,325,94,54,12,10,362,261
"서울특별시",동대문,휘경1동,477,303,92,47,23,18,362,238,500,327,104,53,16,13,380,261,495,333,110,59,18,12,367,262,506,340,103,53,9,6,394,281,505,323,116,57,10,4,379,262
"서울특별시",동대문,휘경2동,859,626,148,95,30,22,681,509,908,643,176,107,24,19,708,517,924,658,181,112,34,22,709,524,976,692,188,114,17,14,771,564,1018,714,215,129,15,11,788,574
"서울특별시",동대문,청량리동,1756,1099,720,381,64,49,972,669,1849,1159,769,418,53,45,1027,696,1968,1231,837,460,78,56,1053,715,2095,1293,893,480,51,40,1151,773,2193,1324,954,493,46,37,1193,794
"서울특별시",동대문,용신동,1841,1029,595,256,32,16,1214,757,1973,1081,674,285,29,18,1270,778,2076,1171,706,306,55,33,1315,832,2207,1235,749,331,34,24,1424,880,2303,1292,812,354,30,21,1461,917
"서울특별시",동대문,제기동,1866,1150,563,278,74,53,1229,819,1931,1175,641,307,60,40,1230,828,1954,1182,694,320,78,50,1182,812,2001,1190,706,312,58,43,1237,835,2058,1194,765,338,51,36,1242,820
"서울특별시",동대문,전농1동,1763,1071,610,343,67,47,1086,681,1852,1137,678,385,55,35,1119,717,1879,1131,701,390,106,61,1072,680,1991,1179,741,398,56,35,1194,746,2068,1212,813,425,48,34,1207,753
"서울특별시",동대문,전농2동,747,538,198,146,27,20,522,372,803,574,251,183,25,20,527,371,859,620,287,210,43,23,529,387,906,655,305,226,26,18,575,411,945,693,332,246,21,15,592,432
"서울특별시",동대문,답십리2동,1231,855,383,265,48,38,800,552,1306,908,439,297,38,29,829,582,1369,955,479,315,87,49,803,591,1464,1005,519,332,44,33,901,640,1575,1089,575,360,42,33,958,696
"서울특별시",동대문,장안1동,1375,862,338,192,56,36,981,634,1492,927,375,202,46,29,1071,696,1586,988,416,221,65,37,1105,730,1676,1047,459,250,35,23,1182,774,1795,1112,485,254,36,23,1274,835
"서울특별시",동대문,장안2동,1144,759,273,162,49,42,822,555,1209,804,304,182,43,38,862,584,1250,817,316,180,54,44,880,593,1339,856,356,188,32,26,951,642,1428,897,390,201,27,26,1011,670
"서울특별시",동대문,이문1동,807,548,191,110,27,15,589,423,831,566,213,120,24,16,594,430,843,583,232,134,45,24,566,425,895,612,244,147,24,15,627,450,860,595,222,131,12,8,626,456
"서울특별시",동대문,이문2동,909,638,277,189,43,32,589,417,986,677,319,206,34,25,633,446,1021,703,349,229,52,36,620,438,1067,729,354,231,23,18,690,480,1091,740,377,240,19,14,695,486
"서울특별시",동대문,답십리1동,892,594,222,142,28,20,642,432,944,618,250,155,29,22,665,441,981,623,283,170,43,28,655,425,1037,650,300,180,25,18,712,452,1096,678,321,180,24,17,751,481
"서울특별시",중랑구,소계,17946,11818,6275,4042,645,490,11026,7286,19260,12524,7074,4523,1366,990,10820,7011,20695,13327,7778,4869,470,355,12447,8103,22438,14223,8428,5179,391,305,13619,8739,23982,15058,9283,5530,331,253,14368,9275
"서울특별시",중랑구,면목2동,1350,880,406,273,56,43,888,564,1455,939,467,306,80,60,908,573,1526,968,510,323,40,32,976,613,1643,1043,562,344,28,24,1053,675,1749,1101,618,360,28,22,1103,719
"서울특별시",중랑구,면목4동,965,683,427,300,28,23,510,360,1045,720,500,351,112,88,433,281,1104,756,530,369,27,22,547,365,1213,823,562,387,22,16,629,420,1287,860,615,420,14,9,658,431
"서울특별시",중랑구,면목5동,494,322,137,87,14,10,343,225,527,342,163,102,29,18,335,222,570,367,184,106,10,7,376,254,630,404,203,117,8,6,419,281,674,429,226,130,8,7,440,292
"서울특별시",중랑구,면목7동,994,653,299,192,31,25,664,436,1063,692,316,206,59,45,688,441,1108,714,349,210,28,19,731,485,1191,755,362,217,21,14,808,524,1252,796,409,248,19,12,824,536
"서울특별시",중랑구,상봉1동,896,630,356,232,36,30,504,368,958,680,395,262,69,53,494,365,1051,731,441,291,22,17,588,423,1147,775,486,314,25,18,636,443,1225,829,529,327,23,16,673,486
"서울특별시",중랑구,상봉2동,883,532,262,139,24,13,597,380,955,568,284,159,52,29,619,380,1000,596,309,170,19,12,672,414,1111,643,365,194,12,11,734,438,1175,692,430,216,14,12,731,464
"서울특별시",중랑구,중화1동,816,552,229,165,35,25,552,362,864,569,270,183,47,36,547,350,937,615,284,189,21,14,632,412,971,625,301,190,18,12,652,423,1048,666,344,209,15,9,689,448
"서울특별시",중랑구,중화2동,1575,940,640,361,44,34,891,545,1676,955,697,381,122,83,857,491,1765,1011,755,420,33,23,977,568,1947,1092,828,455,30,22,1089,615,2123,1147,947,496,23,18,1153,633
"서울특별시",중랑구,묵1동,1045,729,272,194,47,41,726,494,1113,765,313,230,68,56,732,479,1206,847,337,245,28,20,841,582,1300,905,356,254,21,15,923,636,1365,941,385,269,19,13,961,659
"서울특별시",중랑구,묵2동,873,576,270,183,34,24,569,369,962,628,315,207,58,37,589,384,979,637,319,200,31,24,629,413,1067,686,350,216,29,22,688,448,1134,717,410,238,20,16,704,463
"서울특별시",중랑구,망우3동,1019,642,402,226,36,24,581,392,1106,684,483,275,81,50,542,359,1177,702,528,283,24,19,625,400,1271,731,581,295,16,10,674,426,1382,775,617,306,19,13,746,456
"서울특별시",중랑구,신내1동,1184,844,483,350,53,41,648,453,1260,890,495,353,135,100,630,437,1341,945,526,385,44,34,771,526,1475,1038,566,421,44,37,865,580,1572,1095,610,441,38,32,924,622
"서울특별시",중랑구,신내2동,1076,772,391,258,42,34,643,480,1134,813,440,292,85,68,609,453,1222,858,493,323,28,23,701,512,1310,915,523,335,23,20,764,560,1400,970,560,351,19,16,821,603
"서울특별시",중랑구,면목본동,1727,1140,575,376,59,50,1093,714,1889,1228,692,442,136,99,1061,687,2040,1302,791,482,44,38,1205,782,2187,1371,826,507,33,31,1328,833,2333,1456,905,532,20,20,1408,904
"서울특별시",중랑구,면목3.8동,1363,877,493,321,48,33,822,523,1443,928,546,348,109,79,788,501,1575,1007,568,357,32,19,975,631,1686,1082,610,383,22,15,1054,684,1802,1156,634,397,21,14,1147,745
"서울특별시",중랑구,망우본동,1686,1046,633,385,58,40,995,621,1810,1123,698,426,124,89,988,608,2094,1271,854,516,39,32,1201,723,2289,1335,947,550,39,32,1303,753,2461,1428,1044,590,31,24,1386,814
"서울특별시",성북구,소계,17225,12058,4141,2742,824,636,12260,8680,18225,12674,4725,3098,698,535,12802,9041,18524,12965,6880,4282,336,191,11308,8492,19763,13664,7495,4638,994,679,11274,8347,28027,19088,6039,3866,1273,977,20715,14245
"서울특별시",성북구,돈암1동,627,460,185,133,38,31,404,296,679,491,221,159,31,26,427,306,713,527,370,248,14,9,329,270,744,546,391,264,30,23,323,259,1122,820,282,200,57,49,783,571
"서울특별시",성북구,돈암2동,563,424,125,74,23,17,415,333,574,435,138,88,15,9,421,338,595,450,198,120,16,8,381,322,629,471,211,126,22,13,396,332,867,623,174,110,27,19,666,494
"서울특별시",성북구,안암동,620,450,126,89,39,30,455,331,621,452,146,97,24,21,451,334,617,433,179,108,18,12,420,313,650,449,174,100,26,19,450,330,875,590,161,93,37,29,677,468
"서울특별시",성북구,보문동,665,471,138,91,33,26,494,354,705,492,143,89,34,26,528,377,715,499,200,119,19,14,496,366,773,522,225,133,32,23,516,366,1043,695,186,112,58,43,799,540
"서울특별시",성북구,정능1동,624,456,127,87,18,16,479,353,637,465,146,98,23,20,468,347,629,466,205,131,10,8,414,327,661,488,222,141,27,19,412,328,946,668,190,122,47,33,709,513
"서울특별시",성북구,정능2동,940,667,173,112,56,41,711,514,998,706,196,122,42,32,760,552,987,703,288,168,15,9,684,526,1078,747,320,186,66,41,692,520,1457,987,262,162,61,41,1134,784
"서울특별시",성북구,정능3동,914,620,236,150,65,51,613,419,974,646,259,171,51,41,664,434,973,658,373,232,18,5,582,421,1012,682,428,267,83,54,501,361,1292,876,274,183,57,44,961,649
"서울특별시",성북구,정능4동,1101,773,223,141,42,33,836,599,1161,820,256,167,46,32,859,621,1203,855,376,234,17,9,810,612,1281,904,399,248,104,70,778,586,1779,1213,335,211,84,58,1360,944
"서울특별시",성북구,길음1동,822,619,169,124,47,40,606,455,859,653,217,160,42,37,600,456,888,686,344,237,27,19,517,430,935,721,377,259,43,34,515,428,1359,1035,303,228,69,55,987,752
"서울특별시",성북구,길음2동,584,410,181,137,23,18,380,255,668,458,194,140,19,14,455,304,680,486,294,198,16,10,370,278,706,496,333,220,37,23,336,253,1021,728,245,175,50,39,726,514
"서울특별시",성북구,월곡1동,1005,690,271,186,36,21,698,483,1079,742,315,206,28,18,736,518,1118,772,466,283,15,6,637,483,1211,820,517,312,52,36,642,472,1800,1189,427,261,80,60,1293,868
"서울특별시",성북구,월곡2동,867,611,215,144,34,29,618,438,890,604,255,170,37,30,598,404,895,608,353,214,17,10,525,384,948,638,381,235,70,47,497,356,1395,938,322,205,79,60,994,673
"서울특별시",성북구,장위1동,991,668,314,212,56,43,621,413,1058,710,356,242,37,30,665,438,1141,761,577,375,14,7,550,379,1226,808,630,402,74,53,522,353,1892,1231,486,309,95,73,1311,849
"서울특별시",성북구,장위2동,753,523,230,156,35,26,488,341,817,557,285,184,26,19,506,354,848,591,414,249,15,6,419,336,922,636,464,276,32,24,426,336,1379,944,345,216,62,54,972,674
"서울특별시",성북구,장위3동,437,286,148,99,23,19,266,168,460,311,149,105,22,15,289,191,467,326,202,139,13,7,252,180,522,361,230,154,32,19,260,188,766,547,178,131,44,36,544,380
"서울특별시",성북구,성북동,764,528,98,60,34,29,632,439,793,540,105,69,21,17,667,454,770,527,166,99,15,9,589,419,819,557,174,104,36,25,609,428,999,667,126,78,32,24,841,565
"서울특별시",성북구,삼선동,1011,700,221,133,51,41,739,526,1068,733,251,148,48,36,769,549,1068,732,369,216,21,15,678,501,1148,774,382,225,50,34,716,515,1589,1065,316,200,70,54,1203,811
"서울특별시",성북구,동선동,655,456,123,67,41,30,491,359,678,468,147,80,30,23,501,365,608,407,194,105,13,9,401,293,649,425,193,107,24,15,432,303,865,570,154,89,27,19,684,462
"서울특별시",성북구,종암동,1592,1126,378,253,69,52,1145,821,1685,1194,422,283,64,50,1199,861,1738,1241,613,396,19,7,1106,838,1856,1312,677,441,78,55,1101,816,2673,1844,597,393,120,95,1956,1356
"서울특별시",성북구,석관동,1690,1120,460,294,61,43,1169,783,1821,1197,524,320,58,39,1239,838,1871,1237,699,411,24,12,1148,814,1993,1307,767,438,76,52,1150,817,2908,1858,676,388,117,92,2115,1378
"서울특별시",강북구,소계,17086,11520,5165,3369,1248,970,10673,7181,25195,16884,5984,3873,1039,802,18172,12209,26603,17740,6760,4343,854,679,18989,12718,20398,13468,7635,4835,767,599,11996,8034,21570,14192,5923,3761,1107,867,14540,9564
"서울특별시",강북구,번1동,995,616,271,163,56,34,668,419,1469,901,327,200,41,24,1101,677,1578,960,380,218,35,23,1163,719,1207,743,401,222,34,22,772,499,1231,740,323,182,48,31,860,527
"서울특별시",강북구,번2동,1143,837,396,278,154,132,593,427,1798,1308,476,329,121,101,1201,878,1894,1361,548,381,96,86,1250,894,1352,962,636,446,94,80,622,436,1427,1008,470,316,104,85,853,607
"서울특별시",강북구,번3동,1328,981,650,455,149,127,529,399,2299,1666,782,542,104,87,1413,1037,2532,1820,857,600,88,75,1587,1145,1695,1218,1059,733,73,63,563,422,1740,1259,765,521,149,129,826,609
"서울특별시",강북구,수유1동,1201,796,386,239,79,58,736,499,1802,1196,438,278,72,57,1292,861,1843,1230,470,307,55,42,1318,881,1449,942,509,324,57,47,883,571,1524,974,408,252,67,56,1049,666
"서울특별시",강북구,수유2동,1100,789,311,226,69,56,720,507,1602,1159,357,267,65,49,1180,843,1710,1235,419,316,54,40,1237,879,1318,918,434,323,59,41,825,554,1396,969,302,229,54,39,1040,701
"서울특별시",강북구,수유3동,1284,789,358,211,69,54,857,524,1883,1164,406,238,66,49,1411,877,2010,1254,488,284,49,36,1473,934,1586,991,554,325,43,31,989,635,1697,1049,395,231,86,64,1216,754
"서울특별시",강북구,삼양동,1428,898,445,274,97,68,886,556,2073,1305,496,300,76,58,1501,947,2122,1317,546,320,65,52,1511,945,1625,1012,599,337,57,45,969,630,1753,1081,526,296,86,64,1141,721
"서울특별시",강북구,미아동,1337,868,347,203,107,82,883,583,1903,1205,410,231,90,70,1403,904,2005,1268,445,239,76,61,1484,968,1601,1032,527,292,54,44,1020,696,1768,1131,425,236,74,52,1269,843
"서울특별시",강북구,송중동,1453,973,375,245,102,72,976,656,2058,1357,428,274,82,63,1548,1020,2124,1376,481,301,69,51,1574,1024,1700,1085,521,317,68,46,1111,722,1779,1160,400,257,89,66,1290,837
"서울특별시",강북구,송천동,1862,1221,531,307,97,68,1234,846,2659,1686,603,343,88,53,1968,1290,2734,1706,675,390,69,44,1990,1272,2146,1332,743,406,58,36,1345,890,2162,1320,594,331,84,64,1484,925
"서울특별시",강북구,삼각산동,949,731,402,323,53,43,494,365,1507,1155,463,361,43,34,1001,760,1660,1271,515,399,49,40,1096,832,1178,873,576,427,41,33,561,413,1277,938,501,376,86,71,690,491
"서울특별시",강북구,우이동,1209,811,248,164,88,72,873,575,1674,1140,301,203,79,65,1294,872,1727,1196,331,221,68,58,1328,917,1416,961,390,265,58,50,968,646,1532,1053,298,203,73,58,1161,792
"서울특별시",강북구,인수동,1797,1210,445,281,128,104,1224,825,2468,1642,497,307,112,92,1859,1243,2664,1746,605,367,81,71,1978,1308,2125,1399,686,418,71,61,1368,920,2284,1510,516,331,107,88,1661,1091
"서울특별시",도봉구,소계,13980,9571,3296,2101,875,650,9809,6820,14961,10154,3927,2497,743,550,10291,7107,16031,10810,4458,2789,652,497,10921,7524,17136,11522,4964,3051,1133,743,11039,7728,19132,12668,5591,3410,1099,722,12442,8536
"서울특별시",도봉구,쌍문1동,961,653,271,180,61,48,629,425,1003,681,324,220,56,42,623,419,1084,743,346,234,52,43,686,466,1144,782,358,236,113,74,673,472,1295,872,424,273,115,74,756,525
"서울특별시",도봉구,쌍문2동,971,697,232,156,82,57,657,484,1043,740,278,186,76,56,689,498,1126,788,313,214,65,46,748,528,1220,848,375,243,101,65,744,540,1351,906,431,266,91,62,829,578
"서울특별시",도봉구,쌍문3동,794,542,207,121,60,40,527,381,873,590,265,160,42,27,566,403,915,611,277,163,40,27,598,421,974,655,291,171,82,52,601,432,1054,709,306,180,70,45,678,484
"서울특별시",도봉구,쌍문4동,506,404,57,44,31,24,418,336,541,426,73,59,27,22,441,345,588,450,82,62,29,23,477,365,645,494,108,76,47,31,490,387,725,547,127,90,53,34,545,423
"서울특별시",도봉구,방학1동,1298,794,389,225,79,64,830,505,1420,861,483,278,72,50,865,533,1547,938,546,307,53,42,948,589,1666,1002,604,335,86,59,976,608,1872,1136,652,357,86,59,1134,720
"서울특별시",도봉구,방학2동,1237,756,456,277,93,64,688,415,1327,810,544,332,77,58,706,420,1446,887,649,383,71,54,726,450,1548,934,717,410,112,77,719,447,1722,1031,797,463,117,80,808,488
"서울특별시",도봉구,방학3동,793,634,85,75,48,33,660,526,894,696,86,74,40,29,768,593,926,725,100,79,35,26,791,620,998,780,116,86,77,50,805,644,1116,868,135,101,78,52,903,715
"서울특별시",도봉구,창1동,1011,750,164,105,29,24,818,621,1077,795,185,124,25,21,867,650,1130,822,208,136,27,23,895,663,1223,886,238,152,42,27,943,707,1345,944,270,170,47,30,1028,744
"서울특별시",도봉구,창2동,1061,742,211,156,71,49,779,537,1135,787,274,194,53,36,808,557,1211,832,312,220,46,35,853,577,1294,901,335,234,104,69,855,598,1454,979,412,274,105,66,937,639
"서울특별시",도봉구,창3동,791,518,267,180,46,39,478,299,815,534,293,189,45,39,477,306,861,565,308,204,35,27,518,334,906,590,374,247,46,30,486,313,982,641,408,269,49,30,525,342
"서울특별시",도봉구,창4동,802,586,92,60,34,26,676,500,841,608,98,69,33,23,710,516,880,636,112,71,28,21,740,544,945,680,122,86,32,22,791,572,1101,795,151,101,32,23,918,671
"서울특별시",도봉구,창5동,811,585,137,84,44,35,630,466,851,612,147,92,32,25,672,495,937,657,167,105,29,24,741,528,981,687,193,119,47,29,741,539,1096,753,223,144,34,20,839,589
"서울특별시",도봉구,도봉1동,1550,947,401,235,103,73,1046,639,1679,1017,481,270,83,60,1115,687,1800,1083,568,316,73,51,1159,716,1911,1141,632,348,151,96,1128,697,2143,1245,711,386,138,92,1294,767
"서울특별시",도봉구,도봉2동,1394,963,327,203,94,74,973,686,1462,997,396,250,82,62,984,685,1580,1073,470,295,69,55,1041,723,1681,1142,501,308,93,62,1087,772,1876,1242,544,336,84,55,1248,851
"서울특별시",노원구,소계,21899,15783,7505,5203,2241,1513,12153,9067,23770,16983,8770,6061,830,646,14170,10276,24701,17628,9519,6510,738,562,14444,10556,36839,25905,10115,6908,482,381,26242,18616,27817,19632,10894,7376,551,422,16372,11834
"서울특별시",노원구,월계1동,924,604,224,126,76,47,624,431,969,612,268,140,29,22,672,450,987,636,262,140,32,23,693,473,1374,858,299,167,19,13,1056,678,1121,703,320,172,17,13,784,518
"서울특별시",노원구,월계2동,1734,1189,924,601,181,130,629,458,1839,1260,1019,673,55,46,765,541,1925,1313,1055,698,58,46,812,569,3183,2154,1107,728,39,35,2037,1391,2127,1462,1163,767,33,24,931,671
"서울특별시",노원구,월계3동,1498,1113,544,382,146,97,808,634,1663,1219,639,439,56,42,968,738,1732,1264,705,482,46,37,981,745,2613,1873,760,528,26,21,1827,1324,2009,1451,829,575,28,24,1152,852
"서울특별시",노원구,공릉2동,1012,713,197,140,71,53,744,520,1130,786,245,169,35,26,850,591,1194,830,300,201,37,24,857,605,2407,1606,319,216,21,15,2067,1375,1360,947,345,224,32,26,983,697
"서울특별시",노원구,하계1동,1482,1130,828,605,108,76,546,449,1590,1204,947,695,46,39,597,470,1633,1224,1001,727,38,32,594,465,2363,1671,1047,758,27,21,1289,892,1831,1338,1121,806,27,22,683,510
"서울특별시",노원구,하계2동,709,551,248,188,112,73,349,290,799,622,291,222,35,28,473,372,850,664,334,251,27,21,489,392,2089,1555,360,267,18,14,1711,1274,950,730,386,289,30,26,534,415
"서울특별시",노원구,중계본동,556,395,109,79,100,70,347,246,588,423,130,97,32,25,426,301,572,412,126,93,25,19,421,300,1033,799,124,89,18,16,891,694,554,393,123,87,21,15,410,291
"서울특별시",노원구,중계1동,491,385,149,115,65,44,277,226,542,421,171,139,21,18,350,264,559,429,196,157,19,16,344,256,808,594,214,170,13,12,581,412,648,491,260,200,13,11,375,280
"서울특별시",노원구,중계4동,1206,880,556,384,131,84,519,412,1284,925,650,445,43,33,591,447,1328,942,696,472,30,27,602,443,1355,970,745,498,24,21,586,451,1461,1008,783,508,26,22,652,478
"서울특별시",노원구,상계1동,1378,947,374,264,155,102,849,581,1522,1039,460,332,59,43,1003,664,1633,1118,543,378,52,34,1038,706,2006,1401,580,409,36,24,1390,968,1924,1293,642,443,35,24,1247,826
"서울특별시",노원구,상계2동,767,494,223,135,84,54,460,305,854,555,258,159,35,27,561,369,895,575,289,166,28,22,578,387,3007,2233,259,148,19,15,2729,2070,1037,664,356,204,22,18,659,442
"서울특별시",노원구,상계5동,1333,936,355,247,151,95,827,594,1455,1002,447,299,61,39,947,664,1547,1054,495,320,56,39,996,695,2374,1587,579,368,34,20,1761,1199,1746,1157,614,389,43,29,1089,739
"서울특별시",노원구,상계8동,594,467,35,28,40,25,519,414,639,508,45,36,10,7,584,465,659,524,53,41,7,4,599,479,1034,678,64,52,4,2,966,624,748,593,78,63,8,5,662,525
"서울특별시",노원구,상계9동,729,553,72,59,61,39,596,455,777,590,97,77,25,20,655,493,826,644,111,91,25,19,690,534,2240,1462,126,103,10,9,2104,1350,943,728,125,96,15,11,803,621
"서울특별시",노원구,상계10동,483,369,52,41,21,14,410,314,554,417,69,53,13,10,472,354,569,448,74,59,12,10,483,379,1732,1174,79,62,9,8,1644,1104,635,504,79,62,10,8,546,434
"서울특별시",노원구,상계3.4동,1813,1199,762,495,269,181,782,523,1972,1292,871,564,99,73,1002,655,1977,1282,921,586,80,60,976,636,2404,1716,957,599,51,39,1396,1078,2245,1444,1006,635,56,40,1183,769
"서울특별시",노원구,상계6.7동,1165,919,116,84,63,39,986,796,1253,978,142,109,29,20,1082,849,1305,1023,165,129,33,22,1107,872,929,725,188,142,26,20,715,563,1459,1131,210,157,30,22,1219,952
"서울특별시",노원구,중계2.3동,2349,1799,1106,830,286,211,957,758,2530,1918,1288,951,100,88,1142,879,2594,1981,1405,1028,89,75,1100,878,2408,1810,1463,1069,60,54,885,687,2836,2149,1558,1142,72,57,1206,950
"서울특별시",노원구,공릉1동,1676,1140,631,400,121,79,924,661,1810,1212,733,462,47,40,1030,710,1916,1265,788,491,44,32,1084,742,1480,1039,845,535,28,22,607,482,2183,1446,896,557,33,25,1254,864
"서울특별시",은평구,소계,19437,13448,1718,1031,1374,1026,16345,11391,20800,14284,6273,4188,695,543,13832,9553,22087,15243,6927,4571,625,489,14535,10183,23291,16024,7630,5020,547,426,15114,10578,24602,16777,8985,5590,1616,1153,14001,10034
"서울특별시",은평구,녹번동,1816,1245,119,71,96,70,1601,1104,1965,1347,524,313,57,45,1384,989,2106,1449,587,350,53,47,1466,1052,2238,1530,665,398,49,40,1524,1092,2354,1599,793,473,122,88,1439,1038
"서울특별시",은평구,불광1동,1897,1321,125,66,102,74,1670,1181,1995,1388,601,378,61,43,1333,967,2143,1506,675,432,46,32,1422,1042,2263,1586,758,495,42,32,1463,1059,2392,1657,820,533,143,107,1429,1017
"서울특별시",은평구,갈현1동,1164,758,119,67,91,68,954,623,1209,773,423,269,49,41,737,463,853,562,358,226,37,29,458,307,876,573,330,217,27,22,519,334,909,589,378,213,63,48,468,328
"서울특별시",은평구,갈현2동,1051,740,104,64,73,59,874,617,1128,794,301,203,45,37,782,554,1223,861,352,237,38,31,833,593,1295,902,403,261,36,30,856,611,1407,959,501,295,96,65,810,599
"서울특별시",은평구,구산동,1141,808,110,69,80,60,951,679,1235,859,385,270,50,43,800,546,1344,943,415,289,47,37,882,617,1413,986,468,318,43,35,902,633,1504,1066,613,353,89,68,802,645
"서울특별시",은평구,대조동,1327,874,116,66,82,63,1129,745,1459,950,435,269,40,33,984,648,1531,1003,487,287,44,36,1000,680,1608,1058,518,312,33,26,1057,720,1738,1134,588,357,109,77,1041,700
"서울특별시",은평구,응암1동,1071,781,93,57,61,40,917,684,1163,844,278,204,29,20,856,620,1252,911,323,235,24,18,905,658,1326,968,363,262,23,16,940,690,1371,992,370,257,72,47,929,688
"서울특별시",은평구,응암2동,761,547,97,64,55,45,609,438,846,616,333,252,25,21,488,343,931,672,355,263,26,23,550,386,924,671,369,271,25,20,530,380,986,717,447,293,76,63,463,361
"서울특별시",은평구,신사1동,932,654,93,55,59,41,780,558,1006,702,252,160,33,26,721,516,1105,773,272,169,29,23,804,581,1155,797,295,177,22,18,838,602,1216,827,376,192,54,33,786,602
"서울특별시",은평구,신사2동,845,594,100,59,60,42,685,493,907,624,251,167,27,22,629,435,935,638,270,176,24,18,641,444,981,670,306,205,16,13,659,452,1059,714,375,251,66,45,618,418
"서울특별시",은평구,증산동,649,439,81,47,44,31,524,361,699,458,152,89,22,17,525,352,756,490,168,98,16,11,572,381,781,507,199,119,14,11,568,377,687,434,234,114,42,33,411,287
"서울특별시",은평구,수색동,451,334,83,55,36,32,332,247,495,352,209,161,9,8,277,183,570,408,239,183,11,9,320,216,648,465,264,196,12,9,372,260,732,522,354,233,59,51,319,238
"서울특별시",은평구,진관동,1076,758,106,70,104,79,866,609,1188,855,382,310,45,31,761,514,1338,969,434,346,49,39,855,584,1413,1022,476,375,40,29,897,618,1493,1067,597,460,117,79,779,528
"서울특별시",은평구,불광2동,1729,1132,127,74,137,102,1465,956,1817,1177,641,398,57,46,1119,733,1989,1275,718,439,51,34,1220,802,2113,1347,808,495,45,33,1260,819,2235,1441,928,555,152,99,1155,787
"서울특별시",은평구,응암3동,1633,1139,120,74,131,91,1382,974,1706,1160,527,359,57,40,1122,761,1843,1281,608,397,47,34,1188,850,1957,1337,669,433,40,29,1248,875,2095,1407,795,502,145,103,1155,802
"서울특별시",은평구,역촌동,1894,1324,125,73,163,129,1606,1122,1982,1385,579,386,89,70,1314,929,2168,1502,666,444,83,68,1419,990,2300,1605,739,486,80,63,1481,1056,2424,1652,816,509,211,147,1397,996
"서울특별시",서대문구,소계,12349,8719,2923,1951,543,419,8883,6349,13620,9514,3478,2333,801,530,9341,6651,13663,9533,3820,2526,144,75,9699,6932,14318,9952,3880,2563,329,268,10109,7121,14894,10284,4343,2798,525,360,10026,7126
"서울특별시",서대문구,천연동,952,671,317,217,25,18,610,436,1001,699,341,239,23,16,637,444,1000,695,372,249,6,3,622,443,1033,708,383,252,12,9,638,447,1072,723,383,246,16,10,673,467
"서울특별시",서대문구,홍제1동,1010,708,199,122,41,33,770,553,1104,770,246,154,62,41,796,575,1127,791,267,162,18,5,842,624,1195,833,267,164,31,25,897,644,1272,888,276,170,45,32,951,686
"서울특별시",서대문구,홍제3동,896,653,214,154,70,59,612,440,1061,757,255,185,90,69,716,503,1009,712,284,199,9,6,716,507,1054,753,315,218,41,39,698,496,1090,779,325,220,64,48,701,511
"서울특별시",서대문구,홍제2동,622,476,182,140,27,21,413,315,701,529,214,163,51,34,436,332,709,527,251,185,9,3,449,339,724,538,136,68,15,13,573,457,727,530,278,204,24,18,425,308
"서울특별시",서대문구,홍은1동,1006,727,246,157,52,41,708,529,1120,806,294,190,76,52,750,564,1129,811,309,198,12,8,808,605,1181,844,328,214,39,32,814,598,1212,871,364,231,53,41,795,599
"서울특별시",서대문구,홍은2동,1085,769,207,138,51,36,827,595,1226,862,276,178,96,63,854,621,1209,855,303,206,6,3,900,646,1275,900,256,224,26,23,993,653,1299,910,355,227,57,37,887,646
"서울특별시",서대문구,남가좌1동,369,254,80,51,13,9,276,194,430,301,101,64,22,13,307,224,422,307,118,79,5,3,299,225,444,322,130,89,5,5,309,228,469,338,140,94,12,9,317,235
"서울특별시",서대문구,남가좌2동,1152,805,366,254,52,38,734,513,1239,857,407,284,65,40,767,533,1280,877,441,292,7,5,832,580,1368,928,470,302,27,18,871,608,1432,952,507,321,39,26,886,605
"서울특별시",서대문구,북가좌1동,501,363,116,85,21,15,364,263,569,414,144,102,37,22,388,290,559,410,154,117,10,7,395,286,585,432,164,123,15,10,406,299,612,449,184,134,30,19,398,296
"서울특별시",서대문구,북가좌2동,1446,997,336,222,62,51,1048,724,1581,1066,418,274,123,78,1040,714,1604,1090,476,303,10,4,1118,783,1678,1130,533,335,48,41,1097,754,1799,1216,570,361,78,53,1151,802
"서울특별시",서대문구,충현동,861,572,191,111,43,33,627,428,938,599,247,138,40,26,651,435,941,592,265,146,14,7,662,439,987,619,290,160,21,17,676,442,1009,631,292,158,36,22,681,451
"서울특별시",서대문구,북아현동,595,420,175,112,19,15,401,293,633,453,190,123,25,17,418,313,646,451,203,124,6,4,437,323,669,457,210,132,12,10,447,315,699,465,218,128,18,15,463,322
"서울특별시",서대문구,신촌동,537,361,88,54,24,18,425,289,609,406,93,60,42,27,474,319,593,401,96,65,19,13,478,323,646,439,107,71,14,13,525,355,641,430,109,73,20,14,512,343
"서울특별시",서대문구,연희동,1317,943,206,134,43,32,1068,777,1408,995,252,179,49,32,1107,784,1435,1014,281,201,13,4,1141,809,1479,1049,291,211,23,13,1165,825,1561,1102,342,231,33,16,1186,855
"서울특별시",마포구,소계,12545,9053,2622,1848,631,465,9292,6740,13329,9351,3059,2056,554,404,9716,6891,13821,9969,3152,2140,859,572,9810,7257,14065,10069,3593,2450,396,308,10076,7311,14426,10279,3939,2681,650,430,9837,7168
"서울특별시",마포구,용강동,642,456,129,93,24,21,489,342,661,469,165,114,23,23,473,332,709,503,181,130,49,35,479,338,721,506,193,137,22,20,506,349,732,507,205,139,39,30,488,338
"서울특별시",마포구,대흥동,608,408,158,97,38,26,412,285,627,421,180,115,31,18,416,288,649,427,140,67,31,12,478,348,685,445,196,125,11,5,478,315,692,439,190,115,22,9,480,315
"서울특별시",마포구,염리동,632,444,111,75,23,18,498,351,544,383,141,97,22,17,381,269,778,539,163,114,49,32,566,393,588,406,165,115,17,14,406,277,594,414,186,130,30,20,378,264
"서울특별시",마포구,신수동,654,481,110,75,16,12,528,394,716,510,111,76,12,8,593,426,704,507,125,86,53,34,526,387,745,538,137,86,16,12,592,440,763,544,155,100,23,18,585,426
"서울특별시",마포구,서교동,776,508,161,130,32,27,583,351,791,537,93,46,33,26,665,465,815,561,103,58,19,18,693,485,858,577,107,60,17,15,734,502,872,597,106,60,28,19,738,518
"서울특별시",마포구,합정동,666,474,88,54,25,14,553,406,646,459,122,72,20,11,504,376,650,464,124,71,23,15,503,378,678,466,130,74,14,11,534,381,710,504,144,88,31,20,535,396
"서울특별시",마포구,망원1동,725,531,192,137,47,38,486,356,832,604,208,147,48,33,576,424,858,630,203,138,63,44,592,448,902,662,223,151,18,14,661,497,923,671,253,164,24,17,646,490
"서울특별시",마포구,망원2동,659,486,121,87,27,19,511,380,671,504,153,108,29,22,489,374,686,514,142,101,43,29,501,384,720,533,159,107,18,14,543,412,729,536,173,117,27,18,529,401
"서울특별시",마포구,연남동,520,370,76,57,24,16,420,297,520,144,83,30,24,7,413,107,546,375,99,68,39,25,408,282,567,395,113,75,20,13,434,307,579,408,118,74,31,19,430,315
"서울특별시",마포구,성산1동,606,428,121,69,29,23,456,336,806,555,132,73,27,20,647,462,679,488,211,122,37,24,431,342,720,515,168,98,23,17,529,400,729,523,158,99,30,17,541,407
"서울특별시",마포구,성산2동,1596,1233,517,385,57,45,1022,803,1669,1290,578,427,81,64,1010,799,1799,1378,643,474,153,109,1003,795,1870,1422,721,531,65,56,1084,835,1928,1453,795,593,115,81,1018,779
"서울특별시",마포구,상암동,822,608,135,107,135,83,552,418,834,634,172,132,61,46,601,456,735,558,225,172,121,74,389,312,794,598,274,211,40,29,480,358,853,630,319,246,78,45,456,339
"서울특별시",마포구,도화동,832,591,193,132,40,27,599,432,818,581,203,140,16,13,599,428,914,657,86,52,35,28,793,577,929,662,237,161,17,14,675,487,941,675,249,169,26,18,666,488
"서울특별시",마포구,서강동,703,516,88,63,19,11,596,442,772,554,106,75,22,12,644,467,658,485,112,80,41,27,505,378,693,507,122,88,20,12,551,407,739,526,141,96,34,21,564,409
"서울특별시",마포구,공덕동,1557,1114,297,195,69,61,1191,858,1805,1256,467,297,84,66,1254,893,1713,1201,418,277,79,48,1216,876,1790,1256,444,287,53,41,1293,928,1830,1265,502,323,74,54,1254,888
"서울특별시",마포구,아현동,547,405,125,92,26,24,396,289,617,450,145,107,21,18,451,325,928,682,177,130,24,18,727,534,805,581,204,144,25,21,576,416,812,587,245,168,38,24,529,395
"서울특별시",양천구,소계,14098,9779,3937,2632,859,604,9302,6543,15131,10413,4680,3110,558,429,9893,6874,16744,11405,5103,3294,529,414,11112,7697,17825,12081,5791,3750,471,355,11563,7976,19007,12758,6389,4051,439,312,12179,8395
"서울특별시",양천구,목1동,485,350,80,61,13,10,392,279,504,368,131,98,10,8,363,262,557,407,149,112,12,10,396,285,586,430,160,118,16,13,410,299,618,462,169,126,11,8,438,328
"서울특별시",양천구,목2동,842,590,206,136,35,29,601,425,878,615,266,176,37,30,575,409,960,662,269,174,31,22,660,466,1001,683,302,202,28,18,671,463,1077,734,344,213,24,17,709,504
"서울특별시",양천구,목3동,732,527,186,133,46,32,500,362,744,527,217,143,28,21,499,363,839,589,257,170,32,27,550,392,917,644,301,198,20,17,596,429,970,667,337,216,21,12,612,439
"서울특별시",양천구,목4동,721,520,210,140,41,27,470,353,762,529,219,144,23,15,520,370,848,579,240,151,25,16,583,412,879,611,258,163,25,16,596,432,931,642,289,176,24,14,618,452
"서울특별시",양천구,신월1동,1166,747,290,180,70,40,806,527,1234,769,504,319,43,31,687,419,1388,842,562,339,44,36,782,467,1474,872,605,352,36,28,833,492,1607,941,680,387,33,21,894,533
"서울특별시",양천구,신월2동,761,523,194,122,83,58,484,343,810,558,211,137,38,33,561,388,893,603,230,147,34,31,629,425,994,659,284,169,27,22,683,468,1084,713,323,185,28,22,733,506
"서울특별시",양천구,신월3동,1004,599,345,211,89,64,570,324,1064,624,436,249,43,34,585,341,1157,670,452,254,37,28,668,388,1275,714,507,270,36,28,732,416,1365,749,551,284,35,26,779,439
"서울특별시",양천구,신월4동,530,386,133,88,22,16,375,282,596,436,116,82,31,27,449,327,660,477,123,83,27,23,510,371,711,509,143,97,28,24,540,388,740,526,151,102,15,12,574,412
"서울특별시",양천구,신월5동,524,343,169,115,40,30,315,198,597,383,198,128,24,19,375,236,650,420,211,135,19,16,420,269,674,444,238,157,17,11,419,276,737,471,265,171,13,6,459,294
"서울특별시",양천구,신월6동,286,215,78,56,20,13,188,146,364,263,68,50,9,6,287,207,389,279,89,65,7,5,293,209,414,294,102,77,5,4,307,213,427,304,109,81,4,4,314,219
"서울특별시",양천구,신월7동,1133,806,254,170,89,56,790,580,1164,815,300,200,87,68,777,547,1276,884,314,202,74,59,888,623,1370,943,369,238,67,53,934,652,1488,1033,425,273,63,48,1000,712
"서울특별시",양천구,신정1동,432,317,73,50,25,17,334,250,466,335,74,49,16,10,376,276,510,362,82,52,15,9,413,301,523,378,95,62,11,8,417,308,541,394,105,64,13,10,423,320
"서울특별시",양천구,신정2동,549,402,239,172,55,38,255,192,597,430,260,186,22,17,315,227,640,452,284,171,27,20,329,261,687,479,328,232,20,14,339,233,724,500,352,242,18,14,354,244
"서울특별시",양천구,신정3동,1439,1018,340,227,115,93,984,698,1575,1111,502,353,62,48,1011,710,1760,1238,567,388,67,53,1126,797,1911,1340,669,456,60,43,1182,841,2025,1408,732,507,52,38,1241,863
"서울특별시",양천구,신정6동,331,257,12,9,5,4,314,244,349,272,13,10,4,4,332,258,398,306,14,12,5,5,379,289,403,310,15,13,3,3,385,294,410,313,11,10,2,2,397,301
"서울특별시",양천구,신정7동,1285,924,675,500,47,35,563,389,1376,999,688,510,42,29,646,460,1522,1106,723,543,37,29,762,534,1626,1182,822,611,36,27,768,544,1703,1214,877,635,43,31,783,548
"서울특별시",양천구,목5동,500,373,6,5,-,-,494,368,558,412,11,8,4,4,543,400,633,462,13,11,5,4,615,447,621,454,13,10,3,2,605,442,640,464,15,13,3,2,622,449
"서울특별시",양천구,신정4동,1378,882,447,257,64,42,867,583,1493,967,466,268,35,25,992,674,1664,1067,524,285,31,21,1109,761,1759,1135,580,325,33,24,1146,786,1920,1223,654,366,37,25,1229,832
"서울특별시",강서구,소계,20897,14170,7418,4824,990,740,12489,8606,22863,15293,8818,5668,698,470,13347,9155,24691,16453,9757,6217,676,501,14258,9735,26046,17355,10606,6676,642,465,14798,10214,40551,26350,11609,7202,1077,696,27865,18452
"서울특별시",강서구,염창동,572,420,47,31,21,18,504,371,629,456,73,52,15,11,541,393,677,485,72,50,16,11,589,424,681,495,78,55,16,11,587,429,804,578,85,60,18,13,701,505
"서울특별시",강서구,등촌1동,725,512,70,39,21,14,634,459,758,531,86,57,12,5,660,469,778,551,82,58,6,5,690,488,835,585,95,65,10,8,730,512,967,684,95,62,19,14,853,608
"서울특별시",강서구,등촌2동,482,357,91,67,27,20,364,270,530,388,106,82,17,13,407,293,576,429,104,80,21,17,451,332,604,437,129,87,18,14,457,336,839,565,144,91,36,9,659,465
"서울특별시",강서구,등촌3동,2448,1631,1587,1015,85,59,776,557,2696,1774,1777,1120,61,23,858,631,2864,1863,1905,1182,65,36,894,645,3055,1964,2092,1276,60,36,903,652,5656,3528,2269,1377,105,62,3282,2089
"서울특별시",강서구,화곡본동,1076,737,309,219,73,61,694,457,1212,812,404,282,59,42,749,488,1332,892,441,300,40,31,851,561,1427,954,501,328,38,31,888,595,2229,1469,578,361,70,50,1581,1058
"서울특별시",강서구,화곡2동,626,425,184,129,37,31,405,265,674,452,216,149,29,23,429,280,757,512,249,170,25,22,483,320,802,554,270,192,25,19,507,343,1206,815,304,213,44,27,858,575
"서울특별시",강서구,화곡3동,723,516,160,104,16,13,547,399,781,551,183,121,13,10,585,420,826,583,187,118,18,15,621,450,850,600,194,125,19,16,637,459,1160,803,227,142,21,18,912,643
"서울특별시",강서구,화곡4동,841,573,239,164,48,37,554,372,903,615,303,198,30,26,570,391,979,655,337,220,28,23,614,412,1051,702,393,258,27,19,631,425,1623,1095,431,289,45,27,1147,779
"서울특별시",강서구,화곡6동,852,561,210,144,39,33,603,384,917,592,270,187,32,22,615,383,999,625,305,206,28,20,666,399,1053,664,327,215,23,17,703,432,1564,992,385,249,29,21,1150,722
"서울특별시",강서구,화곡8동,900,613,220,141,35,24,645,448,1011,675,272,173,40,27,699,475,1071,717,288,185,31,26,752,506,1132,752,328,208,30,23,774,521,1595,1036,363,222,41,30,1191,784
"서울특별시",강서구,가양1동,487,327,61,43,21,16,405,268,539,364,67,48,19,15,453,301,568,391,60,42,20,16,488,333,584,412,68,47,22,15,494,350,745,502,86,56,34,22,625,424
"서울특별시",강서구,가양2동,1547,976,1009,621,85,59,453,296,1690,1060,1205,721,44,28,441,311,1926,1205,1403,843,54,38,469,324,1982,1216,1477,868,45,27,460,321,3838,2260,1596,916,104,58,2138,1286
"서울특별시",강서구,가양3동,1217,882,683,478,64,54,470,350,1328,950,817,562,43,28,468,360,1425,1004,884,599,42,34,499,371,1515,1061,921,619,45,35,549,407,2571,1783,966,658,65,46,1540,1079
"서울특별시",강서구,발산1동,796,602,210,165,54,45,532,392,893,669,281,215,42,34,570,420,995,749,319,245,47,37,629,467,1095,829,400,310,43,33,652,486,1750,1332,456,349,70,48,1224,935
"서울특별시",강서구,공항동,938,554,303,181,50,34,585,339,1021,583,333,190,55,37,633,356,1051,590,374,208,44,30,633,352,1081,628,367,214,39,26,675,388,1697,996,427,253,89,49,1181,694
"서울특별시",강서구,방화1동,1158,779,275,183,63,47,820,549,1228,821,307,201,50,32,871,588,1314,878,351,218,35,27,928,633,1368,904,369,221,29,23,970,660,1742,1124,388,227,48,32,1306,865
"서울특별시",강서구,방화2동,1346,883,517,323,65,44,764,516,1449,934,609,374,40,28,800,532,1571,1000,684,427,40,30,847,543,1667,1075,727,449,41,33,899,593,2718,1708,814,482,63,48,1841,1178
"서울특별시",강서구,방화3동,1577,1062,658,411,76,53,843,598,1722,1146,818,507,27,17,877,622,1899,1267,940,585,38,24,921,658,1992,1349,1000,620,36,24,956,705,3154,2064,1032,640,63,44,2059,1380
"서울특별시",강서구,화곡1동,1779,1185,449,281,83,59,1247,845,1978,1289,522,327,58,40,1398,922,2087,1350,576,355,64,47,1447,948,2261,1456,671,397,61,43,1529,1016,3362,2090,749,427,94,63,2519,1600
"서울특별시",강서구,우장산동,807,575,136,85,27,19,644,471,904,631,169,102,12,9,723,520,996,707,196,126,14,12,786,569,1011,718,199,122,15,12,797,584,1331,926,214,128,19,15,1098,783
"서울특별시",구로구,소계,14924,10016,3190,2003,959,734,10775,7279,15983,10604,3770,2340,576,434,11637,7830,17186,11366,4345,2678,524,394,12317,8294,18521,12105,4799,2922,470,351,13252,8832,21474,13913,5361,3220,313,232,15800,10461
"서울특별시",구로구,신도림동,577,429,44,30,25,20,508,379,621,458,53,37,19,15,549,406,655,469,65,45,18,15,572,409,682,489,69,44,13,10,600,435,805,553,75,51,9,8,721,494
"서울특별시",구로구,구로1동,355,267,19,13,14,11,322,243,380,281,25,18,12,7,343,256,403,306,34,26,11,7,358,273,433,325,42,29,12,9,379,287,544,406,45,29,6,6,493,371
"서울특별시",구로구,구로3동,701,496,113,78,60,53,528,365,760,528,139,91,33,29,588,408,810,552,152,97,24,22,634,433,883,585,160,96,25,23,698,466,1070,684,179,107,18,17,873,560
"서울특별시",구로구,구로4동,1235,827,313,206,85,65,837,556,1338,889,364,236,43,32,931,621,1433,954,421,268,36,27,976,659,1511,997,451,283,33,24,1027,690,1826,1176,513,315,25,18,1288,843
"서울특별시",구로구,구로5동,975,635,146,92,48,33,781,510,1034,664,186,115,34,26,814,523,1132,731,224,135,31,26,877,570,1231,774,239,144,30,27,962,603,1376,850,266,152,20,15,1090,683
"서울특별시",구로구,고척1동,871,582,147,91,48,39,676,452,931,607,178,105,21,16,732,486,960,637,186,104,30,18,744,515,1036,677,200,108,26,15,810,554,1176,762,223,114,18,12,935,636
"서울특별시",구로구,고척2동,1176,786,270,170,71,53,835,563,1274,840,338,214,51,38,885,588,1385,901,398,250,41,29,946,622,1494,958,446,278,33,22,1015,658,1668,1054,484,296,12,10,1172,748
"서울특별시",구로구,개봉2동,1008,710,212,128,52,44,744,538,1110,763,255,149,38,29,817,585,1191,815,291,170,27,19,873,626,1279,882,312,184,25,18,942,680,1497,1040,339,192,16,12,1142,836
"서울특별시",구로구,개봉3동,862,613,162,101,50,37,650,475,929,651,184,112,32,21,713,518,992,692,203,122,37,27,752,543,1066,740,216,128,34,24,816,588,1188,808,250,144,19,11,919,653
"서울특별시",구로구,오류1동,969,617,278,161,92,69,599,387,1019,647,349,206,38,30,632,411,1114,706,404,248,45,31,665,427,1184,751,426,260,41,28,717,463,1371,860,451,276,31,23,889,561
"서울특별시",구로구,수궁동,928,620,177,122,77,63,674,435,984,654,208,145,61,39,715,470,1110,719,251,166,59,38,800,515,1205,769,319,202,47,30,839,537,1364,889,355,227,42,26,967,636
"서울특별시",구로구,가리봉동,797,457,230,114,31,23,536,320,838,477,251,123,13,11,574,343,843,457,285,132,15,13,543,312,939,488,316,138,11,9,612,341,1103,564,355,154,9,7,739,403
"서울특별시",구로구,구로2동,1543,1025,373,227,76,56,1094,742,1634,1070,416,260,53,43,1165,767,1702,1107,465,290,50,41,1187,776,1835,1175,487,301,45,36,1303,838,2226,1405,555,333,25,19,1646,1053
"서울특별시",구로구,개봉1동,1398,878,350,209,112,81,936,588,1507,931,417,243,51,39,1039,649,1624,1019,446,258,40,32,1138,729,1785,1110,523,300,36,28,1226,782,2041,1282,571,322,24,16,1446,944
"서울특별시",구로구,오류2동,1321,937,304,226,105,77,912,634,1396,997,338,242,69,55,989,700,1544,1117,438,313,53,45,1053,759,1632,1176,493,360,53,45,1086,771,1845,1327,568,421,32,28,1245,878
"서울특별시",구로구,항동,208,137,52,35,13,10,143,92,228,147,69,44,8,4,151,99,288,184,82,54,7,4,199,126,326,209,100,67,6,3,220,139,374,253,132,87,7,4,235,162
"서울특별시",금천구,소계,10220,6690,3120,1950,674,464,6426,4276,10731,6916,3535,2206,504,357,6692,4353,11425,7321,3929,2410,722,476,6774,4435,12219,7728,3131,1948,669,445,8419,5335,19795,12184,4887,2882,1587,991,13321,8311
"서울특별시",금천구,가산동,758,403,210,89,153,84,395,230,731,402,245,103,47,22,439,277,815,446,264,115,25,14,526,317,902,470,220,101,24,15,658,354,1348,677,333,144,64,31,951,502
"서울특별시",금천구,독산1동,1252,848,442,253,47,35,763,560,1413,876,474,309,38,28,901,539,1441,902,512,334,90,57,839,511,1521,943,377,238,80,51,1064,654,2653,1599,679,402,256,158,1718,1039
"서울특별시",금천구,독산2동,992,623,236,145,81,59,675,419,1075,663,328,174,70,48,677,441,1121,703,399,234,62,41,660,428,1193,738,329,194,56,42,808,502,1922,1152,478,276,139,82,1305,794
"서울특별시",금천구,독산3동,1163,743,314,186,72,53,777,504,1258,800,336,203,60,43,862,554,1316,830,381,218,74,52,861,560,1436,892,288,171,80,53,1068,668,2275,1354,526,285,145,89,1604,980
"서울특별시",금천구,독산4동,724,487,209,145,49,36,466,306,752,503,222,155,30,20,500,328,792,515,252,164,42,27,498,324,875,557,190,124,44,24,641,409,1346,823,311,183,90,54,945,586
"서울특별시",금천구,시흥1동,1715,1113,442,276,79,56,1194,781,1720,1112,494,304,66,51,1160,757,1869,1215,565,341,121,81,1183,793,1971,1269,408,265,99,67,1464,937,3095,1928,699,393,248,150,2148,1385
"서울특별시",금천구,시흥2동,866,620,389,286,53,41,424,293,887,633,397,290,55,45,435,298,999,703,447,323,84,57,468,323,1042,734,370,274,85,57,587,403,1852,1300,526,384,195,136,1131,780
"서울특별시",금천구,시흥3동,514,347,63,39,21,15,430,293,556,365,102,71,31,23,423,271,548,369,125,83,41,24,382,262,580,390,98,70,33,20,449,300,872,573,157,102,70,49,645,422
"서울특별시",금천구,시흥4동,952,638,348,223,65,45,539,370,1002,657,415,261,39,28,548,368,1097,690,410,244,76,47,611,399,1165,732,331,193,70,47,764,492,1952,1208,507,306,180,110,1265,792
"서울특별시",금천구,시흥5동,1284,868,467,308,54,40,763,520,1337,905,522,336,68,49,747,520,1427,948,574,354,107,76,746,518,1534,1003,520,318,98,69,916,616,2480,1570,671,407,200,132,1609,1031
"서울특별시",영등포구,소계,13868,8997,3455,1914,554,412,9859,6671,15208,9739,3455,1914,427,322,11326,7503,15344,9919,4297,2337,347,200,10700,7382,16508,10481,1514,901,756,515,14238,9065,17340,10875,3598,1976,212,163,13530,8736
"서울특별시",영등포구,여의동,885,689,38,28,6,5,841,656,964,711,38,28,7,5,919,678,964,730,39,27,8,6,917,697,1032,773,41,29,7,5,984,739,1057,793,33,24,4,4,1020,765
"서울특별시",영등포구,당산1동,798,502,158,77,36,26,604,399,872,542,158,77,30,22,684,443,891,558,209,103,21,9,661,446,953,584,89,52,38,25,826,507,982,597,167,82,13,8,802,507
"서울특별시",영등포구,당산2동,664,476,70,43,26,16,568,417,763,547,70,43,21,12,672,492,754,530,89,55,11,6,654,469,776,542,51,34,24,15,701,493,827,560,64,35,7,6,756,519
"서울특별시",영등포구,양평1동,542,360,90,56,21,14,431,290,598,392,90,56,18,12,490,324,592,402,115,67,10,5,467,330,635,428,77,44,18,13,540,371,666,443,89,57,6,6,571,380
"서울특별시",영등포구,양평2동,446,320,88,62,15,10,343,248,475,332,88,62,12,9,375,261,487,339,101,65,11,6,375,268,538,360,65,38,24,17,449,305,574,387,83,56,4,2,487,329
"서울특별시",영등포구,신길1동,1054,679,279,166,80,58,695,455,1113,719,279,166,61,47,773,506,1188,766,362,210,36,21,790,535,1276,807,111,63,80,59,1085,685,1330,837,337,193,27,21,966,623
"서울특별시",영등포구,신길3동,803,536,235,149,32,25,536,362,869,587,235,149,29,24,605,414,866,582,263,163,30,21,573,398,915,613,88,55,49,37,778,521,956,626,224,129,18,16,714,481
"서울특별시",영등포구,신길4동,614,418,215,147,36,29,363,242,713,467,215,147,27,21,471,299,713,474,313,201,12,10,388,263,770,498,96,59,63,49,611,390,823,539,278,179,11,9,534,351
"서울특별시",영등포구,신길5동,497,337,178,119,31,27,288,191,540,345,178,119,21,18,341,208,563,366,217,132,15,12,331,222,608,391,99,63,63,36,446,292,635,401,230,134,14,10,391,257
"서울특별시",영등포구,신길6동,670,464,151,96,25,19,494,349,797,544,151,96,20,15,626,433,784,538,213,134,19,12,552,392,826,557,87,53,52,35,687,469,857,570,178,113,8,4,671,453
"서울특별시",영등포구,신길7동,348,245,73,52,19,18,256,175,410,287,73,52,13,12,324,223,444,305,97,69,21,10,326,226,469,320,61,39,18,16,390,265,492,343,91,64,8,7,393,272
"서울특별시",영등포구,대림1동,765,536,175,115,32,24,558,397,848,593,175,115,24,18,649,460,854,597,254,172,22,12,578,413,908,626,84,53,47,35,777,538,968,658,154,113,11,11,803,534
"서울특별시",영등포구,대림2동,777,530,204,146,26,18,547,366,832,577,204,146,19,13,609,418,826,575,240,169,16,9,570,397,888,616,83,52,39,28,766,536,916,626,196,139,11,10,709,477
"서울특별시",영등포구,대림3동,970,647,262,160,40,29,668,458,1092,699,262,160,31,23,799,516,1108,722,317,194,19,9,772,519,1213,772,100,59,63,47,1050,666,1283,805,257,151,22,18,1004,636
"서울특별시",영등포구,영등포본동,1085,641,325,147,23,18,737,476,1224,694,325,147,17,13,882,534,1264,726,431,173,20,7,813,546,1344,766,103,55,49,31,1192,680,1403,781,352,138,10,4,1041,639
"서울특별시",영등포구,영등포동,1351,566,571,161,31,21,749,384,1372,578,571,161,21,16,780,401,1317,570,594,162,26,14,697,394,1483,611,107,55,54,28,1322,528,1588,644,508,181,13,8,1067,455
"서울특별시",영등포구,도림동,846,553,226,135,44,32,576,386,934,597,226,135,38,26,670,436,918,585,327,182,37,23,554,380,1019,633,104,58,38,21,877,554,1099,662,279,149,14,11,806,502
"서울특별시",영등포구,문래동,753,498,117,55,31,23,605,420,792,528,117,55,18,16,657,457,811,554,116,59,13,8,682,487,855,584,68,40,30,18,757,526,884,603,78,39,11,8,795,556
"서울특별시",동작구,소계,14595,10324,3272,2265,925,745,10398,7314,14691,10410,3741,2546,421,337,10529,7527,15104,10699,4105,2783,464,302,10535,7614,15892,11179,4387,2907,280,226,11225,8046,16473,11588,4816,3179,491,335,11166,8074
"서울특별시",동작구,노량진2동,895,527,273,148,58,40,564,339,785,448,258,136,28,21,499,291,803,477,302,154,31,23,470,300,821,488,302,157,20,16,499,315,693,401,253,117,19,12,421,272
"서울특별시",동작구,상도1동,1374,1015,392,301,120,102,862,612,1369,1022,406,309,55,44,908,669,1510,1118,459,346,51,29,1000,743,1575,1168,496,370,43,37,1036,761,1627,1217,517,378,79,56,1031,783
"서울특별시",동작구,상도2동,848,617,152,108,52,41,644,468,798,581,149,106,21,16,628,459,818,608,157,114,31,21,630,473,863,629,173,128,18,16,672,485,912,677,187,137,29,21,696,519
"서울특별시",동작구,상도3동,976,680,217,159,75,60,684,461,1004,708,276,190,41,36,687,482,1093,772,298,195,41,27,754,550,1155,803,329,210,28,21,798,572,1225,846,352,217,50,33,823,596
"서울특별시",동작구,상도4동,1283,905,305,206,83,68,895,631,1366,965,370,254,51,40,945,671,1453,1008,403,270,41,25,1009,713,1530,1055,456,292,31,23,1043,740,1629,1121,488,309,49,31,1092,781
"서울특별시",동작구,사당1동,873,575,193,119,43,33,637,423,903,608,230,146,26,19,647,443,943,630,241,150,25,16,677,464,1011,666,259,151,11,10,741,505,1045,682,273,148,13,11,759,523
"서울특별시",동작구,사당3동,718,496,127,84,28,24,563,388,742,514,136,86,14,13,592,415,799,541,153,94,24,14,622,433,851,574,175,93,9,7,667,474,902,609,203,108,19,12,680,489
"서울특별시",동작구,사당4동,618,452,145,109,45,35,428,308,633,458,171,127,14,14,448,317,658,477,182,131,21,18,455,328,708,508,207,147,13,12,488,349,777,552,374,313,16,13,387,226
"서울특별시",동작구,사당5동,484,362,93,74,33,31,358,257,507,377,104,78,20,17,383,282,541,400,126,96,15,10,400,294,557,415,138,101,8,6,411,308,577,423,137,93,15,10,425,320
"서울특별시",동작구,대방동,1354,997,360,270,109,94,885,633,1400,1032,421,303,38,30,941,699,1343,1003,475,357,41,28,827,618,1409,1044,471,351,24,23,914,670,1382,1015,500,359,52,38,830,618
"서울특별시",동작구,신대방1동,857,591,153,99,42,28,662,464,872,597,200,127,16,11,656,459,925,630,230,143,21,15,674,472,990,666,250,151,12,8,728,507,1071,721,282,171,21,15,768,535
"서울특별시",동작구,신대방2동,625,425,138,74,42,29,445,322,1285,943,275,195,28,21,982,727,699,464,169,93,17,11,513,360,740,490,186,101,7,7,547,382,790,537,204,116,11,9,575,412
"서울특별시",동작구,흑석동,1312,979,238,171,74,56,1000,752,658,438,166,92,14,12,478,334,999,732,243,176,29,18,727,538,1019,749,217,162,14,8,788,579,1013,755,242,181,24,16,747,558
"서울특별시",동작구,노량진1동,1356,980,326,232,79,66,951,682,1296,946,387,275,30,23,879,648,1389,1017,423,306,44,27,922,684,1455,1057,453,320,21,16,981,721,1554,1112,498,337,47,29,1009,746
"서울특별시",동작구,사당2동,1022,723,160,111,42,38,820,574,1073,773,192,122,25,20,856,631,1131,822,244,158,32,20,855,644,1208,867,275,173,21,16,912,678,1276,920,306,195,47,29,923,696
"서울특별시",관악구,소계,21349,14082,5597,3646,1184,795,14568,9641,20308,13406,6325,4014,573,432,13410,8960,21113,13898,6799,4252,795,519,13519,9127,22579,14698,7417,4568,438,327,14724,9803,24154,15566,8017,4769,397,289,15740,10508
"서울특별시",관악구,보라매동,1136,770,257,150,56,40,823,580,1114,768,302,180,32,25,780,563,1163,786,334,200,42,33,787,553,1254,841,376,230,19,16,859,595,1339,890,410,237,23,18,906,635
"서울특별시",관악구,청림동,722,510,207,140,35,24,480,346,654,457,218,140,10,8,426,309,682,494,235,149,23,13,424,332,720,518,238,160,10,5,472,353,748,540,257,170,11,6,480,364
"서울특별시",관악구,행운동,1117,736,339,218,59,40,719,478,1101,725,354,233,30,24,717,468,1139,745,375,243,46,28,718,474,1205,782,407,257,28,21,770,504,1299,846,456,287,24,18,819,541
"서울특별시",관악구,낙성대동,586,386,125,84,19,13,442,289,528,340,119,73,11,8,398,259,536,344,125,80,12,10,399,254,581,368,147,89,3,3,431,276,617,372,166,91,1,1,450,280
"서울특별시",관악구,중앙동,743,471,189,121,32,26,522,324,676,426,216,137,14,12,446,277,695,438,219,136,14,12,462,290,735,450,228,135,12,11,495,304,796,489,250,144,9,9,537,336
"서울특별시",관악구,인헌동,917,641,181,129,52,39,684,473,908,635,192,137,28,24,688,474,945,666,206,141,47,34,692,491,1007,701,220,146,22,19,765,536,1064,735,239,146,24,18,801,571
"서울특별시",관악구,남현동,562,367,98,65,40,27,424,275,573,367,125,81,19,14,429,272,610,386,130,82,24,17,456,287,663,427,151,96,14,11,498,320,719,468,149,95,10,8,560,365
"서울특별시",관악구,서원동,793,510,161,95,43,29,589,386,795,509,190,113,22,19,583,377,836,529,219,131,37,25,580,373,896,560,243,138,16,12,637,410,967,611,276,157,17,11,674,443
"서울특별시",관악구,신원동,1016,687,269,180,67,44,680,463,971,660,324,211,35,27,612,422,977,660,347,217,36,22,594,421,1038,683,387,227,26,20,625,436,1130,732,402,230,28,21,700,481
"서울특별시",관악구,서림동,933,593,171,90,38,24,724,479,824,530,204,107,15,11,605,412,892,556,241,130,27,14,624,412,978,595,274,144,19,11,685,440,1050,621,302,149,14,7,734,465
"서울특별시",관악구,신사동,1002,647,280,190,47,34,675,423,984,626,323,212,21,15,640,399,1017,629,347,217,32,17,638,395,1080,670,371,225,19,11,690,434,1164,715,399,233,15,6,750,476
"서울특별시",관악구,신림동,661,395,164,68,12,9,485,318,625,357,195,85,6,5,424,267,624,344,201,90,12,6,411,248,682,372,227,104,8,5,447,263,737,392,255,113,10,7,472,272
"서울특별시",관악구,난향동,682,467,177,139,54,37,451,291,609,443,190,152,25,16,394,275,612,445,210,166,30,21,372,258,645,462,218,164,21,16,406,282,699,493,253,183,17,13,429,297
"서울특별시",관악구,조원동,799,477,194,107,35,17,570,353,750,445,225,118,14,9,511,318,788,476,241,128,17,8,530,340,855,508,269,137,9,4,577,367,941,557,305,154,7,4,629,399
"서울특별시",관악구,대학동,818,490,135,44,26,13,657,433,826,471,187,64,27,12,612,395,875,485,223,70,27,14,625,401,968,528,259,82,19,13,690,433,1069,561,297,91,15,10,757,460
"서울특별시",관악구,은천동,1496,982,461,319,101,67,934,596,1454,980,496,333,49,37,909,610,1519,1029,551,357,73,44,895,628,1592,1073,582,381,34,25,976,667,1691,1140,626,414,26,18,1039,708
"서울특별시",관악구,성현동,1391,1009,510,390,94,68,787,551,1315,980,547,413,41,36,727,531,1403,1045,589,445,74,53,740,547,1496,1106,633,469,33,26,830,611,1547,1129,688,495,34,26,825,608
"서울특별시",관악구,청룡동,1334,844,341,198,50,27,943,619,1248,802,406,233,20,11,822,558,1290,833,416,236,40,25,834,572,1388,887,445,249,20,15,923,623,1498,928,491,264,16,12,991,652
"서울특별시",관악구,난곡동,1532,1000,441,275,105,67,986,658,1518,973,540,313,45,32,933,628,1559,1011,599,351,67,41,893,619,1673,1072,654,385,35,24,984,663,1806,1148,720,414,32,24,1054,710
"서울특별시",관악구,삼성동,1755,1173,599,435,124,87,1032,651,1518,1032,640,451,59,47,819,534,1586,1079,632,435,59,38,895,606,1677,1128,684,468,32,24,961,636,1719,1158,733,491,27,20,959,647
"서울특별시",관악구,미성동,1354,927,298,209,95,63,961,655,1317,880,332,228,50,40,935,612,1365,918,359,248,56,44,950,626,1446,967,404,282,39,35,1003,650,1554,1041,343,211,37,32,1174,798
"서울특별시",서초구,소계,9553,6669,1698,1185,344,240,7511,5244,10318,7118,1899,1284,447,340,7972,5494,10737,7409,2061,1362,475,309,8201,5738,10945,7555,2332,1525,220,170,8393,5860,11476,7892,2538,1649,219,169,8719,6074
"서울특별시",서초구,서초1동,519,336,109,70,10,7,400,259,610,389,118,69,25,20,467,300,643,403,122,71,21,16,500,316,638,393,140,82,10,9,488,302,679,420,158,98,9,8,512,314
"서울특별시",서초구,서초2동,363,239,31,22,7,5,325,212,429,280,38,22,10,6,381,252,473,312,51,30,17,11,405,271,424,273,45,23,8,6,371,244,435,283,44,24,5,4,386,255
"서울특별시",서초구,서초3동,739,465,97,66,17,11,625,388,812,512,105,64,22,15,685,433,837,518,99,62,22,13,716,443,839,519,110,68,10,7,719,444,902,575,127,79,9,7,766,489
"서울특별시",서초구,서초4동,437,311,19,14,6,4,412,293,493,348,25,18,6,3,462,327,495,349,25,19,5,2,465,328,510,359,29,22,3,1,478,336,519,364,35,23,2,1,482,340
"서울특별시",서초구,잠원동,558,401,77,47,17,10,464,344,611,448,81,46,16,12,514,390,623,454,94,54,22,13,507,387,632,460,106,59,9,8,517,393,666,475,125,66,9,8,532,401
"서울특별시",서초구,반포본동,178,141,5,4,2,2,171,135,3,1,0,-,0,-,3,1,3,2,-,-,-,-,3,2,3,2,-,-,-,-,3,2,2,1,-,-,-,-,2,1
"서울특별시",서초구,반포1동,644,445,109,70,19,14,516,361,694,482,124,78,18,14,552,390,736,496,126,74,15,13,595,409,763,515,151,86,4,4,608,425,786,524,164,94,6,6,616,424
"서울특별시",서초구,반포2동,198,155,4,4,1,-,193,151,211,165,5,4,2,1,204,160,217,175,5,4,-,-,212,171,308,254,11,8,5,5,292,241,331,272,11,7,9,9,311,256
"서울특별시",서초구,반포3동,416,340,4,3,8,5,404,332,439,364,8,6,8,7,423,351,459,379,7,5,9,6,443,368,461,383,12,10,6,6,443,367,475,390,13,10,1,1,461,379
"서울특별시",서초구,반포4동,384,284,16,16,10,5,358,263,400,290,22,20,7,6,371,264,439,330,31,25,6,6,402,299,441,330,32,24,5,5,404,301,426,323,30,23,5,5,391,295
"서울특별시",서초구,방배본동,464,338,69,49,21,16,374,273,516,368,70,55,28,25,418,288,533,380,75,58,17,13,441,309,549,383,101,77,11,10,437,296,574,399,105,71,13,11,456,317
"서울특별시",서초구,방배1동,445,313,92,65,13,7,340,241,503,344,97,73,19,16,387,255,543,375,109,78,28,18,406,279,561,388,123,85,17,12,421,291,593,405,141,92,17,11,435,302
"서울특별시",서초구,방배2동,678,452,154,111,37,25,487,316,729,478,187,130,34,27,508,321,738,492,203,137,46,30,489,325,737,497,206,146,18,13,513,338,769,529,219,160,23,17,527,352
"서울특별시",서초구,방배3동,485,345,81,59,30,19,374,267,435,309,44,31,18,13,373,265,382,277,36,21,17,14,329,242,353,254,42,26,11,10,300,218,340,240,38,23,11,9,291,208
"서울특별시",서초구,방배4동,589,426,78,61,21,12,490,353,655,467,99,71,27,19,529,377,653,459,111,73,21,14,521,372,665,466,126,89,8,6,531,371,696,480,126,88,10,8,560,384
"서울특별시",서초구,양재1동,1298,933,481,346,73,60,744,527,1433,1018,549,385,117,91,767,542,1545,1094,579,409,133,79,833,606,1614,1143,686,468,51,37,877,638,1725,1216,732,495,50,37,943,684
"서울특별시",서초구,양재2동,612,388,151,81,31,21,430,286,742,462,189,104,52,37,501,321,806,512,239,129,45,32,522,351,829,522,252,134,24,19,553,369,889,547,299,167,22,15,568,365
"서울특별시",서초구,내곡동,546,357,121,97,21,17,404,243,603,393,138,108,38,28,427,257,612,402,149,113,51,29,412,260,618,414,160,118,20,12,438,284,669,449,171,129,18,12,480,308
"서울특별시",강남구,소계,13592,9518,3994,2619,747,495,8851,6404,15432,10690,3970,2632,324,247,11138,7811,19102,13230,3492,2267,233,180,15377,10783,20973,14399,3660,2397,423,286,16890,11716,23747,16359,5218,3453,1173,796,17356,12110
"서울특별시",강남구,신사동,463,334,53,35,6,5,404,294,518,366,66,43,6,5,446,318,562,392,59,34,7,5,496,353,578,400,54,31,10,6,514,363,605,429,66,45,13,8,526,376
"서울특별시",강남구,개포3동,-,-,-,-,-,-,-,-,-,-,-,-,-,-,-,-,1533,1157,421,307,32,27,1080,823,1628,1232,438,324,62,45,1128,863,1993,1538,621,475,212,154,1160,909
"서울특별시",강남구,논현1동,606,370,134,80,12,9,460,281,700,425,165,103,4,4,531,318,809,502,153,92,4,4,652,406,905,562,161,97,6,5,738,460,989,621,216,139,22,16,751,466
"서울특별시",강남구,논현2동,545,384,87,60,16,10,442,314,614,436,97,63,5,4,512,369,667,479,80,57,3,2,584,420,731,508,74,55,10,7,647,446,779,565,118,87,26,21,635,457
"서울특별시",강남구,삼성1동,275,192,24,20,6,4,245,168,325,219,29,21,2,2,294,196,352,242,21,14,3,2,328,226,388,267,24,15,2,2,362,250,404,276,30,19,6,5,368,252
"서울특별시",강남구,삼성2동,586,405,89,58,17,10,480,337,688,475,102,60,11,9,575,406,772,527,96,54,13,8,663,465,825,569,95,57,17,10,713,502,867,591,133,79,21,14,713,498
"서울특별시",강남구,대치1동,189,148,2,2,4,2,183,144,229,174,3,3,1,1,225,170,212,164,2,2,2,2,208,160,240,186,2,2,1,1,237,183,229,177,3,2,2,2,224,173
"서울특별시",강남구,대치4동,409,272,125,72,11,8,273,192,452,290,117,66,8,6,327,218,561,364,105,55,7,5,449,304,589,374,102,55,5,4,482,315,641,424,134,81,15,9,492,334
"서울특별시",강남구,역삼1동,803,461,213,110,43,27,547,324,930,517,221,105,21,13,688,399,1083,586,197,94,8,6,878,486,1228,682,197,102,18,12,1013,568,1338,746,263,135,32,22,1043,589
"서울특별시",강남구,역삼2동,563,414,93,66,25,16,445,332,684,486,85,53,10,8,589,425,731,528,81,51,6,6,644,471,780,536,85,50,13,9,682,477,821,559,127,69,21,15,673,475
"서울특별시",강남구,도곡1동,427,298,40,20,9,8,378,270,457,323,36,18,10,9,411,296,477,332,33,15,7,5,437,312,510,345,32,11,8,6,470,328,514,352,43,21,8,4,463,327
"서울특별시",강남구,도곡2동,585,392,21,12,7,3,557,377,674,460,18,7,5,3,651,450,661,463,16,6,2,1,643,456,713,499,20,10,4,2,689,487,736,503,28,17,7,3,701,483
"서울특별시",강남구,개포1동,295,195,87,54,36,24,172,117,357,232,70,47,17,13,270,172,407,265,57,39,15,13,335,213,599,406,48,35,20,15,531,356,677,476,68,49,43,30,566,397
"서울특별시",강남구,개포4동,534,371,188,126,30,18,316,227,615,418,156,115,15,11,444,292,778,536,143,97,14,10,621,429,871,589,154,103,16,11,701,475,957,642,213,137,23,12,721,493
"서울특별시",강남구,일원본동,416,319,29,20,6,4,381,295,463,359,21,17,3,2,439,340,503,385,22,18,4,4,477,363,531,398,30,25,5,4,496,369,522,396,28,22,7,6,487,368
"서울특별시",강남구,일원1동,878,615,414,291,111,76,353,248,977,680,485,334,37,28,455,318,1458,1010,417,288,30,23,1011,699,1600,1090,440,301,58,36,1102,753,1906,1289,607,406,141,92,1158,791
"서울특별시",강남구,일원2동,927,720,423,312,91,63,413,345,1033,794,479,351,37,34,517,409,-,-,-,-,-,-,-,-,-,-,-,-,-,-,-,-,-,-,-,-,-,-,-,-
"서울특별시",강남구,수서동,1709,1223,1087,730,140,92,482,401,1904,1341,1221,816,55,40,628,485,3145,2113,1067,683,27,20,2051,1410,3410,2272,1141,727,57,41,2212,1504,4249,2816,1651,1058,298,201,2300,1557
"서울특별시",강남구,세곡동,1152,782,675,417,134,86,343,279,1264,865,406,286,50,37,808,542,1718,1210,359,250,32,24,1327,936,1908,1360,397,288,81,49,1430,1023,2500,1737,629,450,221,139,1650,1148
"서울특별시",강남구,압구정동,762,576,37,27,9,6,716,543,820,609,34,25,6,6,780,578,812,615,28,21,4,4,780,590,876,652,29,20,5,5,842,627,876,666,36,25,10,9,830,632
"서울특별시",강남구,청담동,524,384,55,35,15,9,454,340,618,437,52,32,10,4,556,401,617,438,47,30,4,2,566,406,671,468,40,25,6,4,625,439,682,477,63,42,9,8,610,427
"서울특별시",강남구,대치2동,528,355,49,26,9,8,470,321,600,416,49,27,5,5,546,384,594,442,33,22,4,4,557,416,638,472,37,25,7,5,594,442,638,486,48,33,11,9,579,444
"서울특별시",강남구,개포2동,416,308,69,46,10,7,337,255,510,368,58,40,6,3,446,325,650,480,55,38,5,3,590,439,754,532,60,39,12,7,682,486,824,593,93,62,25,17,706,514
"서울특별시",송파구,소계,17340,11733,3497,2267,437,319,13406,9147,18741,12617,4186,2682,383,275,14172,9660,25246,16788,4667,2923,288,178,20291,13687,25889,17064,5154,3166,287,161,20448,13737,22066,14789,5708,3469,269,191,16089,11129
"서울특별시",송파구,풍납1동,674,470,184,125,17,10,473,335,702,466,189,128,16,8,497,330,982,635,214,139,10,7,758,489,1029,655,235,146,11,6,783,503,804,515,245,153,7,3,552,359
"서울특별시",송파구,풍납2동,684,479,139,89,15,12,530,378,757,523,162,107,10,9,585,407,985,663,164,104,9,7,812,552,1002,672,171,107,13,7,818,558,865,582,194,112,12,10,659,460
"서울특별시",송파구,거여1동,549,337,178,108,15,12,356,217,590,377,189,116,16,14,385,247,832,521,187,114,18,12,627,395,877,547,220,134,10,6,647,407,693,441,247,148,5,4,441,289
"서울특별시",송파구,거여2동,883,602,252,183,39,31,592,388,1014,688,284,197,36,31,694,460,1496,1026,352,244,16,8,1128,774,1559,1054,383,257,12,4,1164,793,1258,863,411,271,26,22,821,570
"서울특별시",송파구,마천1동,1110,687,376,219,48,32,686,436,1197,719,454,264,31,22,712,433,1807,1069,493,277,22,11,1292,781,1847,1074,529,289,17,6,1301,779,1275,736,549,300,30,16,696,420
"서울특별시",송파구,마천2동,1015,650,318,206,28,18,669,426,1099,688,381,241,28,20,690,427,1940,1228,407,252,16,10,1517,966,1691,1022,441,266,16,6,1234,750,1375,832,525,306,13,10,837,516
"서울특별시",송파구,방이1동,332,214,60,39,5,5,267,170,352,223,69,46,7,7,276,170,453,296,75,49,8,6,370,241,491,314,91,59,5,3,395,252,455,300,97,62,5,4,353,234
"서울특별시",송파구,방이2동,784,495,171,107,16,10,597,378,843,533,207,128,14,9,622,396,1162,717,231,132,12,6,919,579,1229,745,260,142,13,6,956,597,1033,644,309,171,13,9,711,464
"서울특별시",송파구,오륜동,268,209,8,8,1,1,259,200,300,228,6,6,1,1,293,221,311,243,8,6,1,1,302,236,307,242,9,8,2,2,296,232,326,255,8,7,1,1,317,247
"서울특별시",송파구,오금동,1182,824,246,180,36,27,900,617,1258,869,285,214,32,19,941,636,1743,1203,336,235,18,11,1389,957,1861,1265,392,266,22,10,1447,989,1593,1084,451,300,17,13,1125,771
"서울특별시",송파구,송파1동,662,427,123,77,15,11,524,339,681,449,149,91,11,7,521,351,883,581,160,93,8,5,715,483,876,586,158,93,7,5,711,488,779,519,178,96,6,4,595,419
"서울특별시",송파구,송파2동,388,260,77,49,2,2,309,209,419,278,91,55,3,3,325,220,523,335,91,50,5,4,427,281,504,336,78,46,6,5,420,285,437,309,86,53,2,2,349,254
"서울특별시",송파구,석촌동,1079,682,222,123,23,14,834,545,1123,699,242,132,19,12,862,555,1507,899,266,137,17,10,1224,752,1637,958,341,167,20,12,1276,779,1366,833,378,185,24,17,964,631
"서울특별시",송파구,삼전동,934,635,210,138,30,23,694,474,1016,689,263,167,27,19,726,503,1465,972,309,191,15,9,1141,772,1542,1020,362,226,16,10,1164,784,1300,869,416,264,20,15,864,590
"서울특별시",송파구,가락본동,733,431,148,89,9,6,576,336,796,480,191,104,13,8,592,368,1061,630,184,100,10,6,867,524,1117,653,211,110,9,7,897,536,978,591,212,106,7,4,759,481
"서울특별시",송파구,가락1동,436,329,33,28,8,7,395,294,464,354,33,27,5,4,426,323,524,399,47,35,13,10,464,354,540,414,51,40,11,8,478,366,508,383,61,49,6,6,441,328
"서울특별시",송파구,가락2동,617,425,101,68,18,16,498,341,686,485,118,76,13,10,555,399,860,602,127,84,8,5,725,513,884,613,139,87,11,7,734,519,821,568,157,95,10,5,654,468
"서울특별시",송파구,문정1동,443,298,80,54,10,7,353,237,484,319,92,57,9,5,383,257,622,403,109,66,9,3,504,334,631,418,110,67,10,6,511,345,557,375,121,71,8,7,428,297
"서울특별시",송파구,문정2동,438,313,27,19,6,5,405,289,476,336,33,22,4,3,439,311,536,377,31,23,8,4,497,350,540,375,28,18,4,2,508,355,534,376,30,18,3,2,501,356
"서울특별시",송파구,잠실본동,888,549,194,93,29,17,665,439,943,585,248,120,22,13,673,452,1322,779,295,140,10,6,1017,633,1388,809,314,145,14,9,1060,655,1142,713,334,155,17,11,791,547
"서울특별시",송파구,잠실4동,368,292,6,4,7,5,355,283,389,308,9,6,11,7,369,295,389,316,10,7,3,2,376,307,405,323,7,4,8,4,390,315,409,332,7,4,4,2,398,326
"서울특별시",송파구,잠실6동,310,216,3,3,3,3,304,210,343,236,5,4,2,1,336,231,360,272,10,8,3,2,347,262,371,285,16,12,3,2,352,271,375,280,12,10,3,3,360,267
"서울특별시",송파구,잠실7동,249,185,2,2,2,2,245,181,247,179,4,3,1,1,242,175,260,189,4,3,-,-,256,186,264,191,4,3,-,-,260,188,275,203,4,3,-,-,271,200
"서울특별시",송파구,잠실2동,486,386,9,7,3,2,474,377,526,417,11,8,3,3,512,406,502,402,12,10,4,3,486,389,495,392,8,5,3,2,484,385,533,422,10,9,2,2,521,411
"서울특별시",송파구,잠실3동,704,531,16,12,4,4,684,515,737,555,22,18,6,6,709,531,728,559,22,17,6,5,700,537,736,565,20,15,6,4,710,546,765,574,15,11,3,2,747,561
"서울특별시",송파구,장지동,802,575,218,160,33,25,551,390,894,636,286,215,24,19,584,402,1318,964,338,261,18,13,962,690,1355,995,368,287,17,10,970,698,1062,776,396,306,9,5,657,465
"서울특별시",송파구,위례동,322,232,96,77,15,12,211,143,405,298,163,130,19,14,223,154,675,508,185,146,21,12,469,350,711,541,208,167,21,12,482,362,548,414,255,204,16,12,277,198
"서울특별시",강동구,소계,14571,9559,3686,2357,711,521,10174,6681,16059,10647,4437,2817,676,508,10946,7322,17268,11407,4977,3117,632,482,11659,7808,18520,12149,5527,3377,591,443,12402,8329,22874,14763,6213,3721,540,409,16121,10633
"서울특별시",강동구,강일동,870,598,306,245,77,53,487,300,-,-,-,-,-,-,-,-,-,-,-,-,-,-,-,-,-,-,-,-,-,-,-,-,-,-,-,-,-,-,-,-
"서울특별시",강동구,상일동,513,355,90,67,20,17,403,271,-,-,-,-,-,-,-,-,-,-,-,-,-,-,-,-,-,-,-,-,-,-,-,-,-,-,-,-,-,-,-,-
"서울특별시",강동구,명일1동,656,487,113,73,34,31,509,383,701,527,115,69,25,21,561,437,765,554,129,74,18,14,618,466,823,596,152,79,21,18,650,499,1062,755,158,84,15,14,889,657
"서울특별시",강동구,명일2동,309,217,48,35,16,13,245,169,331,241,47,36,5,4,279,201,351,253,53,40,7,6,291,207,372,267,56,43,8,6,308,218,481,333,55,45,6,5,420,283
"서울특별시",강동구,고덕1동,386,250,99,71,28,19,259,160,419,280,105,74,22,14,292,192,440,291,130,85,19,12,291,194,476,309,142,85,23,16,311,208,611,369,147,81,19,14,445,274
"서울특별시",강동구,고덕2동,571,355,191,138,29,18,351,199,603,377,210,145,20,11,373,221,618,373,200,128,18,14,400,231,659,403,199,120,19,13,441,270,831,489,232,138,20,14,579,337
"서울특별시",강동구,암사2동,380,280,37,23,5,2,338,255,436,321,50,31,7,4,379,286,463,336,50,28,5,3,408,305,485,352,59,30,8,5,418,317,601,419,64,32,9,5,528,382
"서울특별시",강동구,암사3동,313,221,39,28,9,7,265,186,329,242,49,36,9,7,271,199,385,276,50,31,10,6,325,239,391,279,40,25,11,8,340,246,520,358,43,28,11,8,466,322
"서울특별시",강동구,천호1동,1317,871,388,244,65,51,864,576,1396,914,474,295,62,46,860,573,1493,962,519,325,60,45,914,592,1595,1013,571,339,49,39,975,635,1911,1205,630,365,45,33,1236,807
"서울특별시",강동구,천호3동,1300,790,429,257,66,42,805,491,1348,803,461,267,63,47,824,489,1421,835,509,296,52,38,860,501,1497,874,552,317,48,36,897,521,1748,1035,618,350,42,35,1088,650
"서울특별시",강동구,성내1동,485,329,68,43,6,4,411,282,543,382,80,53,9,7,454,322,555,400,77,48,8,6,470,346,584,414,83,44,10,7,491,363,673,472,102,55,9,4,562,413
"서울특별시",강동구,성내2동,1159,716,266,151,61,40,832,525,1206,734,300,160,54,36,852,538,1294,794,342,184,45,30,907,580,1404,853,384,212,49,30,971,611,1660,995,442,246,50,34,1168,715
"서울특별시",강동구,성내3동,761,521,155,102,32,24,574,395,842,576,167,102,33,25,642,449,874,599,180,115,37,27,657,457,973,654,217,129,32,23,724,502,1170,782,254,149,28,21,888,612
"서울특별시",강동구,둔촌1동,1,-,-,-,-,-,1,-,3,1,1,-,0,-,2,1,2,1,1,-,-,-,1,1,3,1,2,-,-,-,1,1,564,395,7,3,2,1,555,391
"서울특별시",강동구,둔촌2동,829,568,160,110,49,42,620,416,815,567,175,118,39,33,601,416,834,576,169,112,31,26,634,438,908,628,177,116,36,30,695,482,1124,736,203,119,27,23,894,594
"서울특별시",강동구,암사1동,1476,965,425,263,79,66,972,636,1593,1055,475,288,82,68,1036,699,1714,1133,547,336,72,59,1095,738,1832,1191,602,369,62,49,1168,773,2201,1390,683,398,53,42,1465,950
"서울특별시",강동구,천호2동,1673,1016,535,306,77,53,1061,657,1683,1036,593,347,73,52,1017,637,1799,1107,658,383,55,44,1086,680,1912,1168,740,424,47,36,1125,708,2245,1368,803,459,36,25,1406,884
"서울특별시",강동구,길동,1572,1020,337,201,58,39,1177,780,1719,1123,410,250,49,33,1260,840,1914,1235,461,265,52,36,1401,934,2119,1361,556,318,40,25,1523,1018,2511,1596,613,341,44,32,1854,1223
"서울특별시",강동구,강일동,-,-,-,-,-,-,-,-,1091,747,486,363,67,54,538,330,1247,884,586,435,76,60,585,389,1357,968,647,475,68,54,642,439,1582,1103,758,551,66,53,758,499
"서울특별시",강동구,상일1동,-,-,-,-,-,-,-,-,609,436,100,76,25,22,484,338,653,480,104,75,28,24,521,381,667,481,111,76,17,15,539,390,860,590,143,92,11,11,706,487
"서울특별시",강동구,상일2동,-,-,-,-,-,-,-,-,392,285,139,107,32,24,221,154,446,318,212,157,39,32,195,129,463,337,237,176,43,33,183,128,519,373,258,185,47,35,214,153
