SVCAREAID,ADDR,WGSXPT,WGSYPT,QTY,UPDTDATE
중랑구,중화2동 322-16(고정2)_C-JH02-0003-B,37.5963,127.0739,1.0,2022-12-01
중랑구,면목3.8동 1064-9(고정2)_C-MM38-0022-B,37.5819,127.0944,1.0,2022-12-01
중랑구,중화2동 323-14 (초롱공원)_C-JH02-0023,37.5957,127.0732,1.0,2022-12-01
중랑구,면목본동 96-32 (주택가 골목삼거리)_C-MM01-0056,37.5910,127.0911,1.0,2022-12-01
중랑구,중화2동 323-14(고정1)_C-JH02-0023-A,37.5957,127.0732,1.0,2022-12-01
중랑구,면목본동 98-20(고정1)_C-MM01-0015-A,37.5904,127.0891,1.0,2022-12-01
중랑구,중화2동 331-127(고정1)_C-JH02-0038-A,37.6030,127.0744,1.0,2022-12-01
중랑구,면목본동 96-99(고정2)_C-MM01-0019-B,37.5914,127.0916,1.0,2022-12-01
중랑구,중화2동 331-127(고정2)_C-JH02-0038-B,37.6030,127.0744,1.0,2022-12-01
중랑구,면목본동 96-99(고정1)_C-MM01-0019-A,37.5914,127.0916,1.0,2022-12-01
중랑구,중화2동 331-127(고정3)_C-JH02-0038-C,37.6030,127.0744,1.0,2022-12-01
중랑구,면목본동 96-99 (하나슈퍼앞)_C-MM01-0019,37.5914,127.0916,1.0,2022-12-01
중랑구,중화2동 332-25 (고정)_C-JH02-0052-A,37.6040,127.0752,1.0,2022-12-01
중랑구,면목본동 98-20 (양지공원 안)_C-MM01-0015,37.5904,127.0891,1.0,2022-12-01
중랑구,중화2동 332-25 (골목삼거리)_C-JH02-0052,37.6040,127.0752,1.0,2022-12-01
중랑구,면목본동 96-99(고정3)_C-MM01-0019-C,37.5914,127.0916,1.0,2022-12-01
중랑구,중화2동 332-48 (배꽃공원 내)_C-JH02-0025,37.6044,127.0749,1.0,2022-12-01
중랑구,면목본동 97-39(고정3)_C-MM01-0069-C,37.5903,127.0880,1.0,2022-12-01
중랑구,중화2동 332-48 (배꽃공원 앞)_C-JH02-0007,37.6044,127.0747,1.0,2022-12-01
중랑구,면목본동 97-39(고정1)_C-MM01-0069-A,37.5903,127.0880,1.0,2022-12-01
중랑구,중화2동 330-9 (고정)_C-JH02-0046-A,37.6008,127.0752,1.0,2022-12-01
중랑구,묵1동 10-11(보조1)_C-MK01-0021-3,37.6183,127.0860,1.0,2022-12-01
중랑구,중화2동 332-48(고정1)_C-JH02-0007-A,37.6044,127.0749,1.0,2022-12-01
중랑구,묵1동 122-200(고정1)_C-MK01-0001-A,37.6084,127.0788,1.0,2022-12-01
중랑구,중화2동 332-48(고정2)_C-JH02-0007-B,37.6044,127.0749,1.0,2022-12-01
중랑구,묵1동 121-1(고정2)_C-MK01-0047-B,37.6135,127.0815,1.0,2022-12-01
중랑구,중화2동 330-9 (주택가 골목삼거리)_C-JH02-0046,37.6008,127.0752,1.0,2022-12-01
중랑구,묵1동 114-5(고정1)_C-MK01-0013-A,37.6149,127.0809,1.0,2022-12-01
중랑구,중화2동 330-9(고정2)_C-JH02-0046-B,37.6008,127.0752,1.0,2022-12-01
중랑구,묵1동 11(고정2)_C-MK01-0040-B,37.6182,127.0872,1.0,2022-12-01
중랑구,중화2동 323-14(고정2)_C-JH02-0023-B,37.5957,127.0732,1.0,2022-12-01
중랑구,묵1동 10-6(보조1)_C-MK01-0040-3,37.6179,127.0870,1.0,2022-12-01
중랑구,중화2동 323-14(고정3)_C-JH02-0023-C,37.5957,127.0732,1.0,2022-12-01
중랑구,묵1동 11 (원묵초 정문 건너편)_C-MK01-0040,37.6182,127.0872,1.0,2022-12-01
중랑구,중화2동 323-51 (고정)_C-JH02-0056-A,37.5945,127.0733,1.0,2022-12-01
중랑구,묵1동 109-20 (주택가 골목길)_C-MK01-0043,37.6154,127.0801,1.0,2022-12-01
중랑구,중화2동 329-24(보조)_C-JH02-0015-1,37.6008,127.0762,1.0,2022-12-01
중랑구,묵1동 121-1 (현대빌라앞)_C-MK01-0047,37.6135,127.0815,1.0,2022-12-01
중랑구,중화2동 329-44(보조1)_C-JH02-0006-1,37.6002,127.0757,1.0,2022-12-01
중랑구,묵1동 12 (원묵중학교정문)_C-MK01-0033,37.6182,127.0846,1.0,2022-12-01
중랑구,중화2동 331-127 (K2인라인 앞)_C-JH02-0038,37.6030,127.0744,1.0,2022-12-01
중랑구,묵1동 114-5(고정3)_C-MK01-0013-C,37.6149,127.0809,1.0,2022-12-01
중랑구,묵1동 114-5(고정2)_C-MK01-0013-B,37.6149,127.0809,1.0,2022-12-01
중랑구,묵1동 120-3 (뻥만드는 사람들앞 사거리)_C-MK01-0057,37.6144,127.0817,1.0,2022-12-01
중랑구,묵1동 12(고정1)_C-MK01-0033-A,37.6182,127.0846,1.0,2022-12-01
중랑구,묵1동 120-3 (고정)_C-MK01-0057-A,37.6144,127.0817,1.0,2022-12-01
중랑구,묵1동 12(고정2)_C-MK01-0033-B,37.6182,127.0846,1.0,2022-12-01
중랑구,묵1동 121-116 (동일하늘정원 나동 앞 공원입구)_C-MK01-0056,37.6112,127.0814,1.0,2022-12-01
중랑구,묵1동 122-185 (송원화랑맨션앞 사거리)_C-MK01-0059,37.6090,127.0796,1.0,2022-12-01
중랑구,묵1동 122-102(고정2)_C-MK01-0067-B,37.6103,127.0807,1.0,2022-12-01
중랑구,묵1동 121-116 (고정)_C-MK01-0056-A,37.6112,127.0814,1.0,2022-12-01
중랑구,묵1동 121-336(신안아파트 201동 앞 곡각)_C-MK01-0069,37.6144,127.0806,1.0,2022-12-01
중랑구,묵1동 121-118 (고정)_C-MK01-0051-A,37.6129,127.0806,1.0,2022-12-01
중랑구,묵1동 121-336(고정2)_C-MK01-0069-B,37.6144,127.0806,1.0,2022-12-01
중랑구,묵1동 121-118 (금호어울림102동앞)_C-MK01-0051,37.6129,127.0806,1.0,2022-12-01
중랑구,묵1동 122-185 (고정)_C-MK01-0059-A,37.6090,127.0796,1.0,2022-12-01
중랑구,묵1동 122-150(고정2)_C-MK01-0028-B,37.6102,127.0794,1.0,2022-12-01
중랑구,묵1동 122-150(고정1)_C-MK01-0028-A,37.6102,127.0794,1.0,2022-12-01
중랑구,묵1동 122-102(석산하이빌2차 앞)_C-MK01-0067,37.6103,127.0807,1.0,2022-12-01
중랑구,묵1동 122-173(고정2)_C-MK01-0014-B,37.6091,127.0805,1.0,2022-12-01
중랑구,묵1동 122-171 (주택가골목사거리)_C-MK01-0029,37.6088,127.0809,1.0,2022-12-01
중랑구,묵1동 122-173 (선경그린맨션 앞)_C-MK01-0014,37.6091,127.0805,1.0,2022-12-01
중랑구,묵1동 122-171(고정2)_C-MK01-0029-B,37.6088,127.0809,1.0,2022-12-01
중랑구,묵1동 122-255(고정3)_C-MK01-0004-C,37.6111,127.0800,1.0,2022-12-01
중랑구,묵1동 172-36 (SM해그린보조)_C-MK01-0010-1,37.6136,127.0795,1.0,2022-12-01
중랑구,묵1동 156-13 (한빛드림타운 앞)_C-MK01-0050,37.6177,127.0813,1.0,2022-12-01
중랑구,묵1동 128-73 (나인빌라앞)_C-MK01-0015,37.6074,127.0811,1.0,2022-12-01
중랑구,묵1동 122-206(고정1)_C-MK01-0036-A,37.6091,127.0792,1.0,2022-12-01
중랑구,묵1동 122-255(고정2)_C-MK01-0004-B,37.6111,127.0800,1.0,2022-12-01
중랑구,묵1동 122-255 (선경리치빌앞)_C-MK01-0004,37.6111,127.0800,1.0,2022-12-01
중랑구,묵1동 122-206(고정2)_C-MK01-0036-B,37.6091,127.0792,1.0,2022-12-01
중랑구,묵1동 128-12 (주택가 골목사거리)_C-MK01-0052,37.6080,127.0810,1.0,2022-12-01
중랑구,묵1동 122-347(GS편의점앞)_C-MK01-0065,37.6098,127.0786,1.0,2022-12-01
중랑구,묵1동 122-295(고정2)_C-MK01-0045-B,37.6106,127.0819,1.0,2022-12-01
중랑구,묵1동 122-295 (등산로 입구)_C-MK01-0045,37.6106,127.0819,1.0,2022-12-01
중랑구,묵1동 122-84(고정3)_C-MK01-0003-C,37.6104,127.0810,1.0,2022-12-01
중랑구,묵1동 122-347(고정2)_C-MK01-0065-B,37.6098,127.0786,1.0,2022-12-01
중랑구,묵1동 122-84(고정1)_C-MK01-0003-A,37.6104,127.0810,1.0,2022-12-01
중랑구,묵1동 122-84 (송원아트빌라앞)_C-MK01-0003,37.6104,127.0810,1.0,2022-12-01
중랑구,묵1동 128-73(고정2)_C-MK01-0015-B,37.6074,127.0811,1.0,2022-12-01
중랑구,묵1동 156-13 (고정)_C-MK01-0050-A,37.6177,127.0813,1.0,2022-12-01
중랑구,묵1동 154-26 (성지옵티마약국앞 소공원)_C-MK01-0023,37.6174,127.0820,1.0,2022-12-01
중랑구,묵1동 128-73(고정1)_C-MK01-0015-A,37.6074,127.0811,1.0,2022-12-01
중랑구,묵1동 13-1(고정3)_C-MK01-0031-C,37.6167,127.0849,1.0,2022-12-01
중랑구,묵1동 128-73(고정3)_C-MK01-0015-C,37.6074,127.0811,1.0,2022-12-01
중랑구,묵1동 13-1(고정2)_C-MK01-0031-B,37.6167,127.0849,1.0,2022-12-01
중랑구,묵1동 13-1 (원묵어린이공원)_C-MK01-0031,37.6167,127.0849,1.0,2022-12-01
중랑구,묵1동 155-25(고정3)_C-MK01-0041-C,37.6182,127.0807,1.0,2022-12-01
중랑구,묵1동 155-1 (고정)_C-MK01-0046-A,37.6182,127.0818,1.0,2022-12-01
중랑구,묵1동 154-26(고정2)_C-MK01-0023-B,37.6174,127.0820,1.0,2022-12-01
중랑구,묵1동 154-26(고정1)_C-MK01-0023-A,37.6174,127.0820,1.0,2022-12-01
중랑구,묵1동 155-25(고정2)_C-MK01-0041-B,37.6182,127.0807,1.0,2022-12-01
중랑구,묵1동 155-1 (맞은편 산책로 진입로)_C-MK01-0046,37.6182,127.0818,1.0,2022-12-01
중랑구,묵1동 155-25(고정1)_C-MK01-0041-A,37.6182,127.0807,1.0,2022-12-01
중랑구,묵1동 155-25 (한성2차빌라 앞)_C-MK01-0041,37.6182,127.0807,1.0,2022-12-01
중랑구,묵1동 157-9 (고정)_C-MK01-0053-A,37.6171,127.0800,1.0,2022-12-01
중랑구,묵1동 169-21(고정3)_C-MK01-0068-C,37.6157,127.0770,1.0,2022-12-01
중랑구,묵1동 163-3(고정1)_C-MK01-0019-A,37.6162,127.0784,1.0,2022-12-01
중랑구,묵1동 159-33(고정2)_C-MK01-0008-B,37.6176,127.0804,1.0,2022-12-01
중랑구,묵1동 159-33(고정1)_C-MK01-0008-A,37.6176,127.0804,1.0,2022-12-01
중랑구,묵1동 157-9 (현성빌라앞)_C-MK01-0053,37.6171,127.0800,1.0,2022-12-01
중랑구,묵1동 159-33 (둥지어린이집)_C-MK01-0008,37.6176,127.0804,1.0,2022-12-01
중랑구,묵1동 158-19 (보조)_C-MK01-0053-2,37.6169,127.0797,1.0,2022-12-01
중랑구,묵1동 163-3 (경동빌딩)_C-MK01-0019,37.6162,127.0784,1.0,2022-12-01
중랑구,묵1동 160-19(고정1)_C-MK01-0042-A,37.6174,127.0783,1.0,2022-12-01
중랑구,묵1동 159-33(고정3)_C-MK01-0008-C,37.6176,127.0804,1.0,2022-12-01
중랑구,묵1동 160-19 (한국야쿠르트 태릉점 앞)_C-MK01-0042,37.6174,127.0783,1.0,2022-12-01
중랑구,묵1동 162-1(장충왕족발보쌈집앞)_C-MK01-0064,37.6166,127.0794,1.0,2022-12-01
중랑구,묵1동 160-19(고정2)_C-MK01-0042-B,37.6174,127.0783,1.0,2022-12-01
중랑구,묵1동 162-1(고정2)_C-MK01-0064-B,37.6166,127.0794,1.0,2022-12-01
중랑구,묵1동 160-20 (묵동천 제방 화장실 앞)_C-MK01-0038,37.6176,127.0781,1.0,2022-12-01
중랑구,묵1동 163-7 (참존숯불바베큐치킨 앞)_C-MK01-0044,37.6157,127.0789,1.0,2022-12-01
중랑구,묵1동 172-35 (제일교회옆 통신주 보조)_C-MK01-0010-2,37.6134,127.0795,1.0,2022-12-01
중랑구,묵1동 166-39(고정1)_953,37.6160,127.0774,1.0,2022-12-01
중랑구,묵1동 163-3(고정3)_C-MK01-0019-C,37.6162,127.0784,1.0,2022-12-01
중랑구,묵1동 164-4(고정2)_958,37.6147,127.0775,1.0,2022-12-01
중랑구,묵1동 163-7(고정1)_C-MK01-0044-A,37.6157,127.0789,1.0,2022-12-01
중랑구,묵1동 164-4(고정1)_958,37.6147,127.0775,1.0,2022-12-01
중랑구,묵1동 163-7(고정2)_C-MK01-0044-B,37.6157,127.0789,1.0,2022-12-01
중랑구,묵1동 171-36(고정3)_C-MK01-0016-C,37.6133,127.0787,1.0,2022-12-01
중랑구,묵1동 169-21(고정1)_C-MK01-0068-A,37.6157,127.0770,1.0,2022-12-01
중랑구,묵1동 169-21(CU편의점앞 사거리)_C-MK01-0068,37.6157,127.0770,1.0,2022-12-01
중랑구,묵1동 166-39(고정3)_953,37.6160,127.0774,1.0,2022-12-01
중랑구,묵1동 171-36(고정2)_C-MK01-0016-B,37.6133,127.0787,1.0,2022-12-01
중랑구,묵1동 169-21(고정2)_C-MK01-0068-B,37.6157,127.0770,1.0,2022-12-01
중랑구,묵1동 171-36(고정1)_C-MK01-0016-A,37.6133,127.0787,1.0,2022-12-01
중랑구,묵1동 171-36 (영광빌라앞)_C-MK01-0016,37.6133,127.0787,1.0,2022-12-01
중랑구,묵1동 20(고정1)_C-MK01-0032-A,37.6156,127.0873,1.0,2022-12-01
중랑구,묵2동 239-119(고정1)_C-MK02-0026-A,37.6098,127.0763,1.0,2022-12-01
중랑구,묵1동 178-3 고정)_C-MK01-0058-A,37.6115,127.0796,1.0,2022-12-01
중랑구,묵1동 174-4(고정3)_C-MK01-0035-C,37.6121,127.0786,1.0,2022-12-01
중랑구,묵1동 174-4(고정2)_C-MK01-0035-B,37.6121,127.0786,1.0,2022-12-01
중랑구,묵1동 383(고정1)_C-MK01-0026-A,37.6160,127.0838,1.0,2022-12-01
중랑구,묵1동 174-4(고정1)_C-MK01-0035-A,37.6121,127.0786,1.0,2022-12-01
중랑구,묵1동 174-4 (몽마 빵집)_C-MK01-0035,37.6121,127.0786,1.0,2022-12-01
중랑구,묵1동 172-36(보조3)_C-MK01-0010-3,37.6136,127.0795,1.0,2022-12-01
중랑구,면목3.8동 455-1 (아트블래닛)_C-MM38-0018,37.5834,127.0906,1.0,2022-12-01
중랑구,면목3.8동 455-1(고정1)_C-MM38-0018-A,37.5834,127.0906,1.0,2022-12-01
중랑구,면목3.8동 456-20(고정2)_C-MM38-0036-B,37.5829,127.0900,1.0,2022-12-01
중랑구,면목3.8동 455-1(고정2)_C-MM38-0018-B,37.5834,127.0906,1.0,2022-12-01
중랑구,면목3.8동 453-6(보조)_C-MM38-0042-1,37.5833,127.0917,1.0,2022-12-01
중랑구,면목3.8동 454-37(고정1)_C-MM38-0078-A,37.5824,127.0911,1.0,2022-12-01
중랑구,면목3.8동 454-37(고정2)_C-MM38-0078-B,37.5824,127.0911,1.0,2022-12-01
중랑구,면목3.8동 436-52(고정3)_C-MM38-0012-C,37.5832,127.0924,1.0,2022-12-01
중랑구,면목3.8동 46-33(고정2)_C-MM38-0060-B,37.5895,127.0987,1.0,2022-12-01
중랑구,면목3.8동 454-37(금강타운 빌라 맞은편)_C-MM38-0078,37.5824,127.0911,1.0,2022-12-01
중랑구,면목3.8동 436-52(고정2)_C-MM38-0012-B,37.5832,127.0924,1.0,2022-12-01
중랑구,면목3.8동 433-30(고정3)_C-MM38-0042-C,37.5834,127.0912,1.0,2022-12-01
중랑구,면목3.8동 436-17(고정1)_C-MM38-0058-A,37.5838,127.0924,1.0,2022-12-01
중랑구,면목3.8동 436-17(고정2)_C-MM38-0058-B,37.5838,127.0924,1.0,2022-12-01
중랑구,면목3.8동 433-30(고정2)_C-MM38-0042-B,37.5834,127.0912,1.0,2022-12-01
중랑구,면목3.8동 430-53(고정2)_C-MM38-0057-B,37.5840,127.0901,1.0,2022-12-01
중랑구,면목3.8동 430-53(고정3)_C-MM38-0057-C,37.5840,127.0901,1.0,2022-12-01
중랑구,면목3.8동 436-17(고정3)_C-MM38-0058-C,37.5838,127.0924,1.0,2022-12-01
중랑구,면목3.8동 433-30(고정1)_C-MM38-0042-A,37.5834,127.0912,1.0,2022-12-01
중랑구,면목3.8동 428-12 (대경실내포차앞)_C-MM38-0066,37.5836,127.0889,1.0,2022-12-01
중랑구,면목3.8동 428-12(고정2)_C-MM38-0066-B,37.5836,127.0889,1.0,2022-12-01
중랑구,면목3.8동 430-40(고정2)_C-MM38-0050-B,37.5839,127.0905,1.0,2022-12-01
중랑구,면목3.8동 42-59 (소파공원옆주차장)_C-MM38-0008,37.5882,127.0953,1.0,2022-12-01
중랑구,면목3.8동 42-3(고정1)_C-MM38-0047-A,37.5888,127.0956,1.0,2022-12-01
중랑구,면목3.8동 430-53(고정1)_C-MM38-0057-A,37.5840,127.0901,1.0,2022-12-01
중랑구,면목3.8동 42-3(고정2)_C-MM38-0047-B,37.5888,127.0956,1.0,2022-12-01
중랑구,면목3.8동 33-2(정진그린빌라앞)_C-MM38-0075,37.5874,127.0997,1.0,2022-12-01
중랑구,면목3.8동 42-1(고정1)_C-MM38-0023-A,37.5892,127.0955,1.0,2022-12-01
중랑구,면목3.8동 42-1(고정2)_C-MM38-0023-B,37.5892,127.0955,1.0,2022-12-01
중랑구,면목3.8동 33-2(고정1)_C-MM38-0075-A,37.5874,127.0997,1.0,2022-12-01
중랑구,면목3.8동 31-48(고정1)_C-MM38-0045-A,37.5877,127.1010,1.0,2022-12-01
중랑구,면목3.8동 31-48(고정2)_C-MM38-0045-B,37.5877,127.1010,1.0,2022-12-01
중랑구,면목3.8동 42-1(고정3)_C-MM38-0023-C,37.5892,127.0955,1.0,2022-12-01
중랑구,면목3.8동 31-48(고정3)_C-MM38-0045-C,37.5877,127.1010,1.0,2022-12-01
중랑구,면목3.8동 31-25(고정3)_C-MM38-0053-C,37.5866,127.1011,1.0,2022-12-01
중랑구,면목3.8동 31-35 (대광사앞삼거리)_C-MM38-0068,37.5872,127.1017,1.0,2022-12-01
중랑구,면목3.8동 31-35(고정1)_C-MM38-0068-A,37.5872,127.1017,1.0,2022-12-01
중랑구,면목3.8동 604-5(고정2)_C-MM38-0054-B,37.5809,127.0878,1.0,2022-12-01
중랑구,면목3.8동 462-25(고정1)_C-MM38-0082-A,37.5821,127.0899,1.0,2022-12-01
중랑구,면목3.8동 42-3 (주택가 골목 삼거리)_C-MM38-0047,37.5888,127.0956,1.0,2022-12-01
중랑구,면목3.8동 31-48 (보라 홈 멘션)_C-MM38-0045,37.5877,127.1010,1.0,2022-12-01
중랑구,면목3.8동 30-38 (이화어린이공원)_C-MM38-0046,37.5870,127.1003,1.0,2022-12-01
중랑구,면목3.8동 30-38 (하나스튜디오앞)_C-MM38-0016,37.5871,127.1003,1.0,2022-12-01
중랑구,면목3.8동 30-38(고정1)_C-MM38-0016-A,37.5871,127.1003,1.0,2022-12-01
중랑구,면목3.8동 30-35(고정3)_C-MM38-0011-C,37.5880,127.1001,1.0,2022-12-01
중랑구,면목3.8동 3-43(고정1)_C-MM38-0003-A,37.5891,127.0992,1.0,2022-12-01
중랑구,면목3.8동 30-35 (우리농수산물)_C-MM38-0011,37.5880,127.1001,1.0,2022-12-01
중랑구,면목3.8동 30-38(고정2)_C-MM38-0016-B,37.5871,127.1003,1.0,2022-12-01
중랑구,면목3.8동 30-35(고정2)_C-MM38-0011-B,37.5880,127.1001,1.0,2022-12-01
중랑구,면목3.8동 23-70 (소파공원 맞은편 닭발쭈꾸미앞)_C-MM38-0028,37.5897,127.0960,1.0,2022-12-01
중랑구,면목3.8동 23-70 (고정1)_C-MM38-0028-A,37.5897,127.0960,1.0,2022-12-01
중랑구,면목3.8동 23-70(고정3)_C-MM38-0028-C,37.5897,127.0960,1.0,2022-12-01
중랑구,면목3.8동 23-10(고정2)_C-MM38-0031-B,37.5893,127.0946,1.0,2022-12-01
중랑구,면목3.8동 20-26(보조1)_C-MM38-0008-2,37.5881,127.0955,1.0,2022-12-01
중랑구,면목3.8동 23-70(고정4)_C-MM38-0028-D,37.5897,127.0960,1.0,2022-12-01
중랑구,면목3.8동 23-10(고정1)_C-MM38-0031-A,37.5893,127.0946,1.0,2022-12-01
중랑구,면목3.8동 2-47 (주택가 골목길)_C-MM38-0002,37.5889,127.0998,1.0,2022-12-01
중랑구,면목3.8동 2-47(고정1)_C-MM38-0002-A,37.5889,127.0998,1.0,2022-12-01
중랑구,면목3.8동 2-50 (행운마트)_C-MM38-0043,37.5884,127.0998,1.0,2022-12-01
중랑구,면목3.8동 19-4(고정3)_P-MM38-0911-C,37.5879,127.0962,1.0,2022-12-01
중랑구,면목3.8동 17-2 (이레어린이집)_M-JN00-0003,37.5901,127.0980,1.0,2022-12-01
중랑구,면목3.8동 19-4(고정1)_P-MM38-0911-A,37.5879,127.0962,1.0,2022-12-01
중랑구,면목3.8동 2-50(고정1)_C-MM38-0043-A,37.5884,127.0998,1.0,2022-12-01
중랑구,면목3.8동 19-4(고정2)_P-MM38-0911-B,37.5879,127.0962,1.0,2022-12-01
중랑구,면목3.8동 1509(보조1)_C-MM38-0013-1,37.5822,127.0839,1.0,2022-12-01
중랑구,면목3.8동 1509(보조2)_C-MM38-0013-2,37.5822,127.0839,1.0,2022-12-01
중랑구,면목3.8동 1509(보조3)_C-MM38-0013-3,37.5822,127.0839,1.0,2022-12-01
중랑구,면목3.8동 1509(고정2)_C-MM38-0077-B,37.5822,127.0840,1.0,2022-12-01
중랑구,면목3.8동 31-25 (아토피치유공원)_C-MM38-0053,37.5866,127.1011,1.0,2022-12-01
중랑구,면목3.8동 1509(중랑구 보훈회관 앞)_C-MM38-0077,37.5822,127.0840,1.0,2022-12-01
중랑구,면목3.8동 1509(고정1)_C-MM38-0077-A,37.5822,127.0840,1.0,2022-12-01
중랑구,면목3.8동 14-50(고정2)_C-MM38-0044-B,37.5877,127.0974,1.0,2022-12-01
중랑구,면목3.8동 14-50(고정3)_C-MM38-0044-C,37.5877,127.0974,1.0,2022-12-01
중랑구,면목2동 186-149(고정2)_C-MM02-0038-B,37.5919,127.0744,1.0,2022-12-01
중랑구,면목3.8동 15-39 (주택가 골목삼거리)_C-MM38-0041,37.5897,127.0985,1.0,2022-12-01
중랑구,면목3.8동 14-50(고정1)_C-MM38-0044-A,37.5877,127.0974,1.0,2022-12-01
중랑구,면목3.8동 14-18(보조2)_C-MM38-0007-2,37.5887,127.0976,1.0,2022-12-01
중랑구,면목3.8동 14-45 (고정1)_C-MM38-0069-A,37.5891,127.0975,1.0,2022-12-01
중랑구,면목3.8동 15-39(고정1)_C-MM38-0041-A,37.5897,127.0985,1.0,2022-12-01
중랑구,면목3.8동 14-50 (서일대정문앞 골목삼거리)_C-MM38-0044,37.5877,127.0974,1.0,2022-12-01
중랑구,면목3.8동 14-1 (새마을금고앞)_C-MM38-0007,37.5889,127.0980,1.0,2022-12-01
중랑구,면목3.8동 14-1(고정2)_C-MM38-0007-B,37.5889,127.0980,1.0,2022-12-01
중랑구,면목3.8동 14-1(고정3)_C-MM38-0007-C,37.5889,127.0980,1.0,2022-12-01
중랑구,면목3.8동 11-1(고정2)_C-MM38-0055-B,37.5889,127.1005,1.0,2022-12-01
중랑구,면목3.8동 1075-54 (보조2)_C-MM38-0022-2,37.5815,127.0948,1.0,2022-12-01
중랑구,면목3.8동 14-18(보조1)_C-MM38-0007-1,37.5887,127.0976,1.0,2022-12-01
중랑구,면목3.8동 11-1 (라이프미성APT 입구)_C-MM38-0055,37.5889,127.1005,1.0,2022-12-01
중랑구,면목3.8동 1075-15(골목길 담벼락 앞)_C-MM38-0076,37.5818,127.0962,1.0,2022-12-01
중랑구,면목3.8동 1075-15(보조1)_C-MM38-0076-1,37.5819,127.0961,1.0,2022-12-01
중랑구,면목3.8동 1075-54 (보조1)_C-MM38-0022-1,37.5815,127.0948,1.0,2022-12-01
중랑구,면목3.8동 1066-5(고정1)_C-MM38-0052-A,37.5820,127.0953,1.0,2022-12-01
중랑구,면목3.8동 1064-9(고정3)_C-MM38-0022-C,37.5819,127.0944,1.0,2022-12-01
중랑구,면목3.8동 1066-5 (면중초교 앞 주택가골목)_C-MM38-0052,37.5820,127.0953,1.0,2022-12-01
중랑구,면목3.8동 1077-1 (고정)_C-MM38-0067-A,37.5808,127.0950,1.0,2022-12-01
중랑구,면목3.8동 1064-9(고정1)_C-MM38-0022-A,37.5819,127.0944,1.0,2022-12-01
중랑구,면목3.8동 1-2(고정3)_C-MM38-0061-C,37.5893,127.1012,1.0,2022-12-01
중랑구,면목3.8동 10-9 (한주교회 앞)_C-MM38-0034,37.5884,127.1016,1.0,2022-12-01
중랑구,면목3.8동 10-9(고정1)_C-MM38-0034-A,37.5884,127.1016,1.0,2022-12-01
중랑구,면목3.8동 1-2(고정2)_C-MM38-0061-B,37.5893,127.1012,1.0,2022-12-01
중랑구,면목3.8동 31-25(고정1)_C-MM38-0053-A,37.5866,127.1011,1.0,2022-12-01
중랑구,면목3.8동 1077-1 (용마한산1차 가로등 옆)_C-MM38-0067,37.5808,127.0950,1.0,2022-12-01
중랑구,면목2동 193-57(고정2)_C-MM02-0015-B,37.5865,127.0765,1.0,2022-12-01
중랑구,면목2동 193-57(고정3)_C-MM02-0015-C,37.5865,127.0765,1.0,2022-12-01
중랑구,"면목3,8동 468-11 (용마산 손두부)_C-MM38-0037",37.5811,127.0926,1.0,2022-12-01
중랑구,면목2동 193-57(고정1)_C-MM02-0015-A,37.5865,127.0765,1.0,2022-12-01
중랑구,면목2동 193-1(고정2)_C-MM02-0046-B,37.5884,127.0766,1.0,2022-12-01
중랑구,면목2동 193-1(고정3)_C-MM02-0046-C,37.5884,127.0766,1.0,2022-12-01
중랑구,"면목3,8동 497-7 (유료주차장 입구)_C-MM38-0029",37.5822,127.0880,1.0,2022-12-01
중랑구,면목2동 193-57 (경희피아노앞)_C-MM02-0015,37.5865,127.0765,1.0,2022-12-01
중랑구,묵1동 175-3(고정3)_975,37.6122,127.0777,1.0,2022-12-01
중랑구,묵1동 175-3(고정2)_975,37.6122,127.0777,1.0,2022-12-01
중랑구,묵1동 175-3(고정1)_975,37.6122,127.0777,1.0,2022-12-01
중랑구,묵1동 178-3 (공릉로2길 28-13(묵1동226-2)사잇길)_C-MK01-0058,37.6115,127.0796,1.0,2022-12-01
중랑구,묵1동 175-3(고정4)_975,37.6122,127.0777,1.0,2022-12-01
중랑구,면목2동 193-1 (면목한신APT 후문 상가 앞)_C-MM02-0046,37.5884,127.0766,1.0,2022-12-01
중랑구,묵1동 177-5(보조1)_C-MK01-0011-1,37.6114,127.0793,1.0,2022-12-01
중랑구,묵1동 177-5 (먹골공원)_C-MK01-0011,37.6114,127.0791,1.0,2022-12-01
중랑구,묵1동 180-38 (알뜰슈퍼-교통과에서 이전)_C-MK01-0002,37.6107,127.0786,1.0,2022-12-01
중랑구,묵1동 20 (구민체육센터 건너편)_C-MK01-0032,37.6156,127.0873,1.0,2022-12-01
중랑구,묵1동 182-19(고정2)_C-MK01-0025-B,37.6065,127.0799,1.0,2022-12-01
중랑구,묵1동 180-20(보조)_C-MK01-0002-1,37.6106,127.0783,1.0,2022-12-01
중랑구,묵1동 182-19(고정1)_C-MK01-0025-A,37.6065,127.0799,1.0,2022-12-01
중랑구,묵1동 172-36 (SM해그린)_C-MK01-0010,37.6134,127.0795,1.0,2022-12-01
중랑구,묵1동 182-19 (코코하우스 앞)_C-MK01-0025,37.6065,127.0799,1.0,2022-12-01
중랑구,면목2동 186-92 (세계로교회 뒷골목)_C-MM02-0027,37.5909,127.0741,1.0,2022-12-01
중랑구,묵1동 180-38(고정2)_C-MK01-0002-B,37.6107,127.0786,1.0,2022-12-01
중랑구,묵1동 188-1(고정2)_C-MK01-0055-B,37.6055,127.0795,1.0,2022-12-01
중랑구,묵1동 186-15 (동화맨션 앞)_C-MK01-0017,37.6065,127.0806,1.0,2022-12-01
중랑구,묵1동 183-3 (골목길 한전주)_C-MK01-0034-1,37.6070,127.0804,1.0,2022-12-01
중랑구,묵1동 182-19(고정3)_C-MK01-0025-C,37.6065,127.0799,1.0,2022-12-01
중랑구,묵1동 188-1 (장미아파트앞)_C-MK01-0055,37.6055,127.0795,1.0,2022-12-01
중랑구,묵1동 186-15(고정1)_C-MK01-0017-A,37.6065,127.0806,1.0,2022-12-01
중랑구,묵1동 186-15(고정3)_C-MK01-0017-C,37.6065,127.0806,1.0,2022-12-01
중랑구,묵1동 186-15(고정2)_C-MK01-0017-B,37.6065,127.0806,1.0,2022-12-01
중랑구,묵1동 20-1 (서당어린이공원)_C-MK01-0030,37.6170,127.0881,1.0,2022-12-01
중랑구,묵1동 381(고정3)_C-MK01-0054-C,37.6122,127.0806,1.0,2022-12-01
중랑구,묵1동 25-4(고정2)_C-MK01-0018-B,37.6149,127.0847,1.0,2022-12-01
중랑구,묵1동 202-9(고정1)_C-MK01-0034-A,37.6073,127.0804,1.0,2022-12-01
중랑구,묵1동 202-9 (신원빌라 앞)_C-MK01-0034,37.6073,127.0804,1.0,2022-12-01
중랑구,묵1동 20-1(고정1)_C-MK01-0030-A,37.6170,127.0881,1.0,2022-12-01
중랑구,묵1동 20-1(고정3)_C-MK01-0030-C,37.6170,127.0881,1.0,2022-12-01
중랑구,묵1동 20-1(고정2)_C-MK01-0030-B,37.6170,127.0881,1.0,2022-12-01
중랑구,묵1동 25-4 (법장사뒤건너편봉화산입구)_C-MK01-0018,37.6149,127.0847,1.0,2022-12-01
중랑구,묵1동 23(고정1)_C-MK01-0063-A,37.6162,127.0858,1.0,2022-12-01
중랑구,묵1동 202-9(고정3)_C-MK01-0034-C,37.6073,127.0804,1.0,2022-12-01
중랑구,묵1동 202-9(고정2)_C-MK01-0034-B,37.6073,127.0804,1.0,2022-12-01
중랑구,묵1동 23-2(고정2)_C-MK01-0022-B,37.6147,127.0843,1.0,2022-12-01
중랑구,묵1동 23(고정2)_C-MK01-0063-B,37.6162,127.0858,1.0,2022-12-01
중랑구,묵1동 23-2(고정1)_C-MK01-0022-A,37.6147,127.0843,1.0,2022-12-01
중랑구,묵1동 23-2 (법장사앞 횡단보도)_C-MK01-0022,37.6147,127.0843,1.0,2022-12-01
중랑구,묵1동 294-54(고정1)_C-MK01-0037-A,37.6144,127.0794,1.0,2022-12-01
중랑구,묵1동 381 (고정1)_C-MK01-0054-A,37.6122,127.0806,1.0,2022-12-01
중랑구,묵1동 3-10(고정2)_C-MK01-0049-B,37.6186,127.0841,1.0,2022-12-01
중랑구,묵1동 294-54 (묵동2차 신안아파트)_C-MK01-0037,37.6144,127.0794,1.0,2022-12-01
중랑구,묵1동 3-10 (묵동교회주자창앞)_C-MK01-0049,37.6186,127.0841,1.0,2022-12-01
중랑구,묵1동 294-54(고정2)_C-MK01-0037-B,37.6144,127.0794,1.0,2022-12-01
중랑구,묵1동 3-10 (고정)_C-MK01-0049-A,37.6186,127.0841,1.0,2022-12-01
중랑구,묵1동 294-54(고정3)_C-MK01-0037-C,37.6144,127.0794,1.0,2022-12-01
중랑구,묵1동 381 (GS편의점앞)_C-MK01-0054,37.6122,127.0806,1.0,2022-12-01
중랑구,묵1동 301-4(고정1)_C-MK01-0009-A,37.6152,127.0795,1.0,2022-12-01
중랑구,묵1동 301-4 (도원아트힐앞)_C-MK01-0009,37.6152,127.0795,1.0,2022-12-01
중랑구,묵1동 3-10(고정3)_C-MK01-0049-C,37.6186,127.0841,1.0,2022-12-01
중랑구,면목2동 193-1(고정1)_C-MM02-0045-A,37.5870,127.0741,1.0,2022-12-01
중랑구,묵1동 304-1(고정2)_C-MK01-0024-B,37.6162,127.0799,1.0,2022-12-01
중랑구,묵1동 301-4(고정3)_C-MK01-0009-C,37.6152,127.0795,1.0,2022-12-01
중랑구,묵1동 304-1(고정1)_C-MK01-0024-A,37.6162,127.0799,1.0,2022-12-01
중랑구,묵1동 304-1 (우리농산물)_C-MK01-0024,37.6162,127.0799,1.0,2022-12-01
중랑구,묵1동 396-1(e편한세상아파트 묵동어린이공원안)_C-MK01-0066,37.6171,127.0812,1.0,2022-12-01
중랑구,묵2동 239-119 (부흥약국 앞)_C-MK02-0026,37.6098,127.0763,1.0,2022-12-01
중랑구,묵2동 233-100(수애견집앞)_C-MK02-0050,37.6164,127.0755,1.0,2022-12-01
중랑구,묵1동 66-3(고정1)_C-MK01-0012-A,37.6158,127.0816,1.0,2022-12-01
중랑구,묵1동 383(고정2)_C-MK01-0026-B,37.6160,127.0838,1.0,2022-12-01
중랑구,묵1동 387(고정2)_C-MK01-0007-B,37.6183,127.0833,1.0,2022-12-01
중랑구,묵1동 387(고정1)_C-MK01-0007-A,37.6183,127.0833,1.0,2022-12-01
중랑구,묵1동 387 (브라운스톤102동앞)_C-MK01-0007,37.6183,127.0833,1.0,2022-12-01
중랑구,묵1동 66-3 (정호빌라앞)_C-MK01-0012,37.6158,127.0816,1.0,2022-12-01
중랑구,묵1동 49-49 (원묵중앞 분수공원)_C-MK01-0048,37.6180,127.0834,1.0,2022-12-01
중랑구,묵1동 49-49 (고정)_C-MK01-0048-A,37.6180,127.0834,1.0,2022-12-01
중랑구,묵1동 396-1(고정1)_C-MK01-0066-A,37.6171,127.0812,1.0,2022-12-01
중랑구,묵1동 60-14(보조1)_C-MK01-0013-4,37.6156,127.0809,1.0,2022-12-01
중랑구,묵1동 49-49(고정2)_C-MK01-0048-B,37.6180,127.0834,1.0,2022-12-01
중랑구,묵1동 5-1(고정2)_C-MK01-0039-B,37.6198,127.0845,1.0,2022-12-01
중랑구,묵1동 5-1 (화랑대역 6.7번출구 앞)_C-MK01-0039,37.6198,127.0845,1.0,2022-12-01
중랑구,묵1동 68-10(고정2)_933,37.6165,127.0825,1.0,2022-12-01
중랑구,묵2동 233-100(고정3)_C-MK02-0050-C,37.6164,127.0755,1.0,2022-12-01
중랑구,묵1동 9-9(고정2)_C-MK01-0021-B,37.6185,127.0863,1.0,2022-12-01
중랑구,묵1동 66-3(고정2)_C-MK01-0012-B,37.6158,127.0816,1.0,2022-12-01
중랑구,묵1동 9-9(고정1)_C-MK01-0021-A,37.6185,127.0863,1.0,2022-12-01
중랑구,묵1동 77-19(고정1)_C-MK01-0020-A,37.6168,127.0812,1.0,2022-12-01
중랑구,묵1동 9-9 (원묵초교 건너편 골목삼거리)_C-MK01-0021,37.6185,127.0863,1.0,2022-12-01
중랑구,묵1동 77-19(고정2)_C-MK01-0020-B,37.6168,127.0812,1.0,2022-12-01
중랑구,묵2동 233-100(고정1)_C-MK02-0050-A,37.6164,127.0755,1.0,2022-12-01
중랑구,묵1동 산 46-1 (봉화산 공원#2 고정2)_C-MK01-0061-A,37.6095,127.0812,1.0,2022-12-01
중랑구,묵1동 산 46-1 (봉화산 공원#1 고정2)_C-MK01-0060-B,37.6089,127.0816,1.0,2022-12-01
중랑구,묵1동 산 46-1 (봉화산 공원#1 고정1)_C-MK01-0060-A,37.6089,127.0816,1.0,2022-12-01
중랑구,묵1동 산46-1 (주택가 골목삼거리)_C-MK01-0027,37.6092,127.0812,1.0,2022-12-01
중랑구,묵1동 산 46-1 (봉화산 공원#3 고정1)_C-MK01-0062-A,37.6093,127.0816,1.0,2022-12-01
중랑구,묵1동 산 46-1 (봉화산 공원#3)_C-MK01-0062,37.6093,127.0816,1.0,2022-12-01
중랑구,묵1동 산 46-1 (봉화산 공원#3 고정2)_C-MK01-0062-B,37.6093,127.0816,1.0,2022-12-01
중랑구,묵2동 233-106(고정1)_C-MK02-0048-A,37.6149,127.0753,1.0,2022-12-01
중랑구,묵2동 238-41(고정1)_C-MK02-0001-A,37.6133,127.0759,1.0,2022-12-01
중랑구,묵2동 235-85(고정1)_C-MK02-0017-A,37.6135,127.0728,1.0,2022-12-01
중랑구,묵2동 234-16(태릉 호프앞)_C-MK02-0053,37.6142,127.0754,1.0,2022-12-01
중랑구,묵2동 234-16(보조1)_C-MK02-0053-1,37.6141,127.0755,1.0,2022-12-01
중랑구,묵2동 233-12(보조)_C-MK02-0048-3,37.6152,127.0755,1.0,2022-12-01
중랑구,묵2동 234-16(고정2)_C-MK02-0053-B,37.6142,127.0754,1.0,2022-12-01
중랑구,묵2동 233-82 (장미축제 입구)_C-MK02-0035,37.6164,127.0750,1.0,2022-12-01
중랑구,묵2동 235-85 (월드메르디앙@ 101동 맞은편)_C-MK02-0017,37.6135,127.0728,1.0,2022-12-01
중랑구,묵2동 235-19(고정2)_C-MK02-0049-B,37.6137,127.0754,1.0,2022-12-01
중랑구,묵2동 235-19(고정1)_C-MK02-0049-A,37.6137,127.0754,1.0,2022-12-01
중랑구,묵2동 234-41 (명사약국 건너편)_G-JN00-0008,37.6148,127.0755,1.0,2022-12-01
중랑구,묵2동 235-62(고정1)_C-MK02-0016-A,37.6142,127.0737,1.0,2022-12-01
중랑구,묵2동 235-19(고정3)_C-MK02-0049-C,37.6137,127.0754,1.0,2022-12-01
중랑구,묵2동 235-62 (한국아파트 후문)_C-MK02-0016,37.6142,127.0737,1.0,2022-12-01
중랑구,묵2동 235-19(브라운캐슬빌라앞)_C-MK02-0049,37.6137,127.0754,1.0,2022-12-01
중랑구,묵2동 235-93 (묵동제일교회옆)_C-MK02-0006,37.6150,127.0745,1.0,2022-12-01
중랑구,묵2동 238-41 (두리마트 앞 골목)_C-MK02-0001,37.6133,127.0759,1.0,2022-12-01
중랑구,묵2동 237-148(고정1)_C-MK02-0010-A,37.6126,127.0743,1.0,2022-12-01
중랑구,묵2동 235-85(고정3)_C-MK02-0017-C,37.6135,127.0728,1.0,2022-12-01
중랑구,묵2동 237-148 (지선연립 옆)_C-MK02-0010,37.6126,127.0743,1.0,2022-12-01
중랑구,묵2동 236-40 (삼거리)_C-MK02-0029,37.6125,127.0734,1.0,2022-12-01
중랑구,묵2동 236-40(고정2)_C-MK02-0029-B,37.6125,127.0734,1.0,2022-12-01
중랑구,묵2동 236-40(고정1)_C-MK02-0029-A,37.6125,127.0734,1.0,2022-12-01
중랑구,묵2동 238-122 (고정2)_C-MK02-0040-B,37.6120,127.0759,1.0,2022-12-01
중랑구,묵2동 237-25 (주택가 골목삼거리)_C-MK02-0018,37.6130,127.0745,1.0,2022-12-01
중랑구,묵2동 237-148(고정3)_C-MK02-0010-C,37.6126,127.0743,1.0,2022-12-01
중랑구,묵2동 237-148(고정2)_C-MK02-0010-B,37.6126,127.0743,1.0,2022-12-01
중랑구,묵2동 237-3 (열방교회앞)_C-MK02-0039,37.6129,127.0755,1.0,2022-12-01
중랑구,묵2동 237-25(고정1)_C-MK02-0018-A,37.6130,127.0745,1.0,2022-12-01
중랑구,묵2동 237-3 (고정)_C-MK02-0039-A,37.6129,127.0755,1.0,2022-12-01
중랑구,면목2동 190-43(고정2)_C-MM02-0062-B,37.5875,127.0737,1.0,2022-12-01
중랑구,묵2동 237-25(고정2)_C-MK02-0018-B,37.6130,127.0745,1.0,2022-12-01
중랑구,묵2동 242-53(고정2)_C-MK02-0041-B,37.6084,127.0732,1.0,2022-12-01
중랑구,중화2동 297-29(고정3)_C-JH02-0034-C,37.5958,127.0775,1.0,2022-12-01
중랑구,묵2동 240-100(고정1)_C-MK02-0002-A,37.6110,127.0751,1.0,2022-12-01
중랑구,묵2동 239-127(고정1)_C-MK02-0020-A,37.6106,127.0765,1.0,2022-12-01
중랑구,묵2동 239-127 (묵동 천주교성당 앞)_C-MK02-0020,37.6106,127.0765,1.0,2022-12-01
중랑구,상봉1동 190-67(고정3)_C-SB01-0012-C,37.5984,127.0878,1.0,2022-12-01
중랑구,묵2동 245-34(고정1)_C-MK02-0013-A,37.6075,127.0773,1.0,2022-12-01
중랑구,묵2동 239-119(고정3)_C-MK02-0026-C,37.6098,127.0763,1.0,2022-12-01
중랑구,묵2동 239-150(고정2)_C-MK02-0051-B,37.6119,127.0767,1.0,2022-12-01
중랑구,묵2동 240-100 (소망공원 내)_C-MK02-0015,37.6111,127.0750,1.0,2022-12-01
중랑구,묵2동 239-150(고정1)_C-MK02-0051-A,37.6119,127.0767,1.0,2022-12-01
중랑구,묵2동 239-127(고정2)_C-MK02-0020-B,37.6106,127.0765,1.0,2022-12-01
중랑구,묵2동 239-76(고정3)_C-MK02-0052-C,37.6108,127.0776,1.0,2022-12-01
중랑구,묵2동 239-150(태마노래주점앞)_C-MK02-0051,37.6119,127.0767,1.0,2022-12-01
중랑구,묵2동 239-76(고정2)_C-MK02-0052-B,37.6108,127.0776,1.0,2022-12-01
중랑구,묵2동 239-76(고정1)_C-MK02-0052-A,37.6108,127.0776,1.0,2022-12-01
중랑구,묵2동 240-100(고정2)_C-MK02-0002-B,37.6110,127.0751,1.0,2022-12-01
중랑구,묵2동 242-53 (묵현초남측골목)_C-MK02-0041,37.6084,127.0732,1.0,2022-12-01
중랑구,묵2동 240-162(고정1)_C-MK02-0007-A,37.6116,127.0741,1.0,2022-12-01
중랑구,묵2동 240-100(고정1)_C-MK02-0015-A,37.6111,127.0750,1.0,2022-12-01
중랑구,묵2동 240-162 (현대아이파크)_C-MK02-0007,37.6116,127.0741,1.0,2022-12-01
중랑구,묵2동 240-100(고정2)_C-MK02-0015-B,37.6111,127.0750,1.0,2022-12-01
중랑구,묵2동 240-100(고정3)_C-MK02-0015-C,37.6111,127.0750,1.0,2022-12-01
중랑구,묵2동 240-100(고정3)_C-MK02-0002-C,37.6110,127.0751,1.0,2022-12-01
중랑구,묵2동 242-53 (고정)_C-MK02-0041-A,37.6084,127.0732,1.0,2022-12-01
중랑구,묵2동 240-173(보조)_C-MK02-0015-1,37.6112,127.0750,1.0,2022-12-01
중랑구,묵2동 240-162(고정3)_C-MK02-0007-C,37.6116,127.0741,1.0,2022-12-01
중랑구,묵2동 240-162(고정2)_C-MK02-0007-B,37.6116,127.0741,1.0,2022-12-01
중랑구,묵2동 242-43 (중랑천 묵동 계단옆)_C-MK02-0034,37.6077,127.0729,1.0,2022-12-01
중랑구,묵2동 240-58 (주택가 골목길)_C-MK02-0036,37.6103,127.0754,1.0,2022-12-01
중랑구,묵2동 242-43 (고정1)_C-MK02-0034-A,37.6077,127.0729,1.0,2022-12-01
중랑구,묵2동 240-58(고정1)_C-MK02-0036-A,37.6103,127.0754,1.0,2022-12-01
중랑구,묵2동 242-53(고정3)_C-MK02-0041-C,37.6084,127.0732,1.0,2022-12-01
중랑구,묵2동 245-34 (우성아파트 뒷편)_C-MK02-0013,37.6075,127.0773,1.0,2022-12-01
중랑구,묵2동 243-63(고정1)_C-MK02-0011-A,37.6089,127.0755,1.0,2022-12-01
중랑구,묵2동 243-134 (서울탁주 앞)_C-MK02-0012,37.6095,127.0746,1.0,2022-12-01
중랑구,묵2동 243-13(고정2)_951,37.6095,127.0736,1.0,2022-12-01
중랑구,묵2동 243-123 (고정)_C-MK02-0046-A,37.6088,127.0747,1.0,2022-12-01
중랑구,묵2동 243-13(고정1)_951,37.6095,127.0736,1.0,2022-12-01
중랑구,묵2동 243-123 (우영아트빌라 나동앞 인도)_C-MK02-0046,37.6088,127.0747,1.0,2022-12-01
중랑구,묵2동 243-63 (일반주택가 중간)_C-MK02-0011,37.6089,127.0755,1.0,2022-12-01
중랑구,묵2동 243-134(고정3)_C-MK02-0012-C,37.6095,127.0746,1.0,2022-12-01
중랑구,묵2동 243-134(고정2)_C-MK02-0012-B,37.6095,127.0746,1.0,2022-12-01
중랑구,묵2동 243-134(고정1)_C-MK02-0012-A,37.6095,127.0746,1.0,2022-12-01
중랑구,묵2동 243-15(고정3)_C-MK02-0037-C,37.6090,127.0762,1.0,2022-12-01
중랑구,묵2동 243-15 (고정1)_C-MK02-0037-A,37.6090,127.0762,1.0,2022-12-01
중랑구,묵2동 243-15(고정2)_C-MK02-0037-B,37.6090,127.0762,1.0,2022-12-01
중랑구,묵2동 243-15 (벧엘교회앞삼거리)_C-MK02-0037,37.6090,127.0762,1.0,2022-12-01
중랑구,묵2동 243-88 (고정1)_C-MK02-0045-A,37.6080,127.0757,1.0,2022-12-01
중랑구,묵2동 244-92(고정3)_C-MK02-0025-C,37.6081,127.0766,1.0,2022-12-01
중랑구,묵2동 244-158 (고정1)_C-MK02-0042-A,37.6082,127.0777,1.0,2022-12-01
중랑구,묵2동 243-63(고정2)_C-MK02-0011-B,37.6089,127.0755,1.0,2022-12-01
중랑구,묵2동 244-143 (상가골목)_M-JN00-0008,37.6098,127.0776,1.0,2022-12-01
중랑구,묵2동 243-88 (신묵초등학교 후문 삼거리인도)_C-MK02-0045,37.6080,127.0757,1.0,2022-12-01
중랑구,묵2동 244-117 (골목길 통신주)_C-MK02-0026-1,37.6098,127.0765,1.0,2022-12-01
중랑구,묵2동 240-100 (소망공원 밖)_C-MK02-0002,37.6110,127.0751,1.0,2022-12-01
중랑구,묵2동 244-92(고정2)_C-MK02-0025-B,37.6081,127.0766,1.0,2022-12-01
중랑구,묵2동 244-81 (골목삼거리)_C-MK02-0021,37.6089,127.0772,1.0,2022-12-01
중랑구,묵2동 244-158(고정2)_C-MK02-0042-B,37.6082,127.0777,1.0,2022-12-01
중랑구,묵2동 244-158 (용마이용원앞)_C-MK02-0042,37.6082,127.0777,1.0,2022-12-01
중랑구,묵2동 244-92(고정1)_C-MK02-0025-A,37.6081,127.0766,1.0,2022-12-01
중랑구,묵2동 244-81(고정1)_C-MK02-0021-A,37.6089,127.0772,1.0,2022-12-01
중랑구,묵2동 244-92 (우연부동산 앞)_C-MK02-0025,37.6081,127.0766,1.0,2022-12-01
중랑구,묵2동 244-81(고정2)_C-MK02-0021-B,37.6089,127.0772,1.0,2022-12-01
중랑구,묵2동 245-8 (고정)_C-MK02-0044-A,37.6068,127.0783,1.0,2022-12-01
중랑구,상봉1동 190-67(고정2)_C-SB01-0012-B,37.5984,127.0878,1.0,2022-12-01
중랑구,묵2동 250-13(고정1)_C-MK02-0028-A,37.6060,127.0770,1.0,2022-12-01
중랑구,묵2동 247-107 (주택가 골목삼거리)_C-MK02-0019,37.6076,127.0737,1.0,2022-12-01
중랑구,묵2동 245-34(고정2)_C-MK02-0013-B,37.6075,127.0773,1.0,2022-12-01
중랑구,묵2동 245-8 (GS25묵동공릉점앞 인도모서리)_C-MK02-0044,37.6068,127.0783,1.0,2022-12-01
중랑구,묵2동 245-78(보조)_C-MK02-0025-1,37.6080,127.0770,1.0,2022-12-01
중랑구,묵2동 245-40 (보조)_C-MK02-0013-1,37.6074,127.0772,1.0,2022-12-01
중랑구,묵2동 247-1(고정3)_C-MK02-0008-C,37.6078,127.0749,1.0,2022-12-01
중랑구,묵2동 246-39(고정2)_976,37.6066,127.0767,1.0,2022-12-01
중랑구,묵2동 246-39(고정1)_976,37.6066,127.0767,1.0,2022-12-01
중랑구,묵2동 246-39(CU 편의점앞사거리)_C-MK02-0047,37.6066,127.0767,1.0,2022-12-01
중랑구,묵2동 247-1(고정2)_C-MK02-0008-B,37.6078,127.0749,1.0,2022-12-01
중랑구,묵2동 246-39(고정3)_976,37.6066,127.0767,1.0,2022-12-01
중랑구,묵2동 247-1(고정1)_C-MK02-0008-A,37.6078,127.0749,1.0,2022-12-01
중랑구,묵2동 247-1 (신묵초 북서측곡각)_C-MK02-0008,37.6078,127.0749,1.0,2022-12-01
중랑구,묵2동 247-148 (고정)_C-MK02-0009-A,37.6065,127.0752,1.0,2022-12-01
중랑구,묵2동 250-13 (서울청 광역수사대 앞)_C-MK02-0028,37.6060,127.0770,1.0,2022-12-01
중랑구,묵2동 248-34(고정3)_C-MK02-0003-C,37.6057,127.0745,1.0,2022-12-01
중랑구,묵2동 247-107(고정3)_C-MK02-0019-C,37.6076,127.0737,1.0,2022-12-01
중랑구,묵2동 248-34(고정1)_C-MK02-0003-A,37.6057,127.0745,1.0,2022-12-01
중랑구,묵2동 247-148(고정2)_C-MK02-0009-B,37.6065,127.0752,1.0,2022-12-01
중랑구,묵2동 247-148(고정4)_C-MK02-0009-D,37.6065,127.0752,1.0,2022-12-01
중랑구,묵2동 249-58(보조)_C-MK02-0009-1,37.6064,127.0755,1.0,2022-12-01
중랑구,묵2동 249-103 (골목길 보조)_C-JH02-0043-2,37.6052,127.0761,1.0,2022-12-01
중랑구,묵2동 248-65(고정2)_C-MK02-0030-B,37.6049,127.0743,1.0,2022-12-01
중랑구,묵2동 248-65 (고정1)_C-MK02-0030-A,37.6049,127.0743,1.0,2022-12-01
중랑구,묵2동 249-24(고정3)_C-MK02-0022-C,37.6050,127.0754,1.0,2022-12-01
중랑구,묵2동 249-24 (제일시장 골목사거리)_C-MK02-0022,37.6050,127.0754,1.0,2022-12-01
중랑구,묵2동 249-24(고정2)_C-MK02-0022-B,37.6050,127.0754,1.0,2022-12-01
중랑구,묵2동 249-24(고정1)_C-MK02-0022-A,37.6050,127.0754,1.0,2022-12-01
중랑구,묵2동 250-13(고정2)_C-MK02-0028-B,37.6060,127.0770,1.0,2022-12-01
중랑구,상봉1동 190-67(고정1)_C-SB01-0012-A,37.5984,127.0878,1.0,2022-12-01
중랑구,묵2동 378(고정2)_C-MK02-0023-B,37.6154,127.0734,1.0,2022-12-01
중랑구,묵2동 250-25 (고정)_C-MK02-0031-A,37.6058,127.0777,1.0,2022-12-01
중랑구,묵2동 250-25 (구립사랑어린이집앞)_C-MK02-0031,37.6058,127.0777,1.0,2022-12-01
중랑구,묵2동 250-26 (중랑경찰서교통센터뒤골목길)_C-MK02-0032,37.6062,127.0780,1.0,2022-12-01
중랑구,묵2동 250-26 (고정)_C-MK02-0032-A,37.6062,127.0780,1.0,2022-12-01
중랑구,묵2동 266-22(고정2)_C-MK02-0035-B,37.6163,127.0743,1.0,2022-12-01
중랑구,묵2동 361-2(제2연륙교),37.6088,127.0727,1.0,2022-12-01
중랑구,묵2동 266-22( 고정3)_C-MK02-0035-C,37.6163,127.0743,1.0,2022-12-01
중랑구,묵2동 264-22 (초입 아래 가로등)_C-MK02-0035-1,37.6163,127.0743,1.0,2022-12-01
중랑구,묵2동 378 (한국A건너편제방 화장실앞)_C-MK02-0023,37.6154,127.0734,1.0,2022-12-01
중랑구,묵2동 375(수림대공원 계단_차단기),37.6153,127.0729,1.0,2022-12-01
중랑구,묵2동 378  (행사장 보조)_C-MK02-0023-1,37.6148,127.0730,1.0,2022-12-01
중랑구,묵2동 375(중랑천.묵동천 합류뷰_차단기),37.6156,127.0731,1.0,2022-12-01
중랑구,묵2동 385(고정1)_C-MK02-0024-A,37.6106,127.0729,1.0,2022-12-01
중랑구,상봉1동 190-67 (지하보도 보조2)_C-SB01-0012-2,37.5984,127.0879,1.0,2022-12-01
중랑구,상봉1동 160-2(고정1)_977,37.5989,127.0928,1.0,2022-12-01
중랑구,묵2동 385 (현대A 104동 건너편 제방)_C-MK02-0024,37.6106,127.0729,1.0,2022-12-01
중랑구,묵동천 분수대,37.6159,127.0736,1.0,2022-12-01
중랑구,묵2동 388 (동구햇살@앞-로뎀교회맞은편)_C-MK02-0014,37.6136,127.0744,1.0,2022-12-01
중랑구,묵2동247-148 (신묵초 남서쪽곡각)_C-MK02-0009,37.6065,127.0752,1.0,2022-12-01
중랑구,묵2동 378(고정1)_C-MK02-0023-A,37.6154,127.0734,1.0,2022-12-01
중랑구,상봉1동 190-67 (지하보도 보조1)_C-SB01-0012-1,37.5984,127.0879,1.0,2022-12-01
중랑구,상봉1동 190-109 (민호자동차 공업사 앞)_C-SB01-0043,37.5978,127.0868,1.0,2022-12-01
중랑구,상봉1동 160-2(고정3)_977,37.5989,127.0928,1.0,2022-12-01
중랑구,상봉1동 160-2(고정2)_977,37.5989,127.0928,1.0,2022-12-01
중랑구,상봉1동 190-145 (주택가 골목길)_C-SB01-0039,37.5982,127.0862,1.0,2022-12-01
중랑구,상봉1동 190-109 (고정)_C-SB01-0043-A,37.5978,127.0868,1.0,2022-12-01
중랑구,상봉1동 190-145 (고정)_C-SB01-0039-A,37.5982,127.0862,1.0,2022-12-01
중랑구,상봉1동 190-109(고정2)_C-SB01-0043-B,37.5978,127.0868,1.0,2022-12-01
중랑구,상봉1동 237-1(고정3)_C-SB01-0014-C,37.6020,127.0890,1.0,2022-12-01
중랑구,상봉1동 50-41 (골목길 한전주)_C-SB01-0007-1,37.5993,127.0947,1.0,2022-12-01
중랑구,상봉1동 207-18  (삼일빌라앞호남철물)_C-SB01-0013,37.6003,127.0866,1.0,2022-12-01
중랑구,상봉1동 200-14 (봉현 마을마당 앞)_C-SB01-0040,37.5989,127.0857,1.0,2022-12-01
중랑구,상봉1동 190-94(고정2)_C-SB01-0035-B,37.5984,127.0871,1.0,2022-12-01
중랑구,상봉1동 50-1 (창성슈퍼앞)_C-SB01-0007,37.5992,127.0944,1.0,2022-12-01
중랑구,상봉1동 190-94(고정1)_C-SB01-0035-A,37.5984,127.0871,1.0,2022-12-01
중랑구,상봉1동 190-94 (금나전기앞)_C-SB01-0035,37.5984,127.0871,1.0,2022-12-01
중랑구,면목2동 192-72 (보조)_C-MM02-0036-1,37.5888,127.0743,1.0,2022-12-01
중랑구,상봉1동 206-27 (상봉1동사무소 후문)_C-SB01-0038,37.6000,127.0871,1.0,2022-12-01
중랑구,상봉1동 200-28 (주택가골목사거리)_C-SB01-0044,37.5992,127.0862,1.0,2022-12-01
중랑구,상봉1동 200-23(고정2)_C-SB01-0001-B,37.5991,127.0865,1.0,2022-12-01
중랑구,상봉1동 200-23(고정1)_C-SB01-0001-A,37.5991,127.0865,1.0,2022-12-01
중랑구,상봉1동 206-27 (고정)_C-SB01-0038-A,37.6000,127.0871,1.0,2022-12-01
중랑구,상봉1동 200-28(고정1)_C-SB01-0044-A,37.5992,127.0862,1.0,2022-12-01
중랑구,상봉1동 200-43(보조1)_C-SB01-0044-4,37.5991,127.0861,1.0,2022-12-01
중랑구,상봉1동 200-28(고정2)_C-SB01-0044-B,37.5992,127.0862,1.0,2022-12-01
중랑구,상봉1동 207-18(고정2)_C-SB01-0013-B,37.6003,127.0866,1.0,2022-12-01
중랑구,상봉1동 237-1(고정2)_C-SB01-0014-B,37.6020,127.0890,1.0,2022-12-01
중랑구,상봉1동 216(고정2)_C-SB01-0030-B,37.6016,127.0873,1.0,2022-12-01
중랑구,상봉1동 207-18(고정1)_C-SB01-0013-A,37.6003,127.0866,1.0,2022-12-01
중랑구,상봉1동 216(고정1)_C-SB01-0030-A,37.6016,127.0873,1.0,2022-12-01
중랑구,상봉1동 207-18(고정3)_C-SB01-0013-C,37.6003,127.0866,1.0,2022-12-01
중랑구,상봉1동 214-9 (에이스타운옆)_C-SB01-0045,37.6010,127.0868,1.0,2022-12-01
중랑구,상봉1동 214-9 (고정)_C-SB01-0045-A,37.6010,127.0868,1.0,2022-12-01
중랑구,상봉1동 237-1(고정1)_C-SB01-0014-A,37.6020,127.0890,1.0,2022-12-01
중랑구,상봉1동 222-37 (원일기업앞 인도)_C-SB01-0055,37.6027,127.0865,1.0,2022-12-01
중랑구,상봉1동 222-37 (고정1)_C-SB01-0055-A,37.6027,127.0865,1.0,2022-12-01
중랑구,상봉1동 220-5 (고정)_C-SB01-0051-A,37.6021,127.0876,1.0,2022-12-01
중랑구,상봉1동 237-1 (선경에베빌앞)_C-SB01-0014,37.6020,127.0890,1.0,2022-12-01
중랑구,상봉1동 222-37(고정2)_C-SB01-0055-B,37.6027,127.0865,1.0,2022-12-01
중랑구,상봉1동 225-1(고정1)_C-SB01-0057-A,37.6027,127.0873,1.0,2022-12-01
중랑구,상봉1동 225-1(OK셀프세차장앞)_C-SB01-0057,37.6027,127.0873,1.0,2022-12-01
중랑구,상봉1동 237-37 (상봉중학교뒤사거리)_C-SB01-0037,37.6015,127.0894,1.0,2022-12-01
중랑구,상봉1동 282-1(고정2)_C-SB01-0015-B,37.6006,127.0902,1.0,2022-12-01
중랑구,상봉1동 268-36 (헤어스케치 골목길 안쪽)_C-SB01-0050,37.6001,127.0878,1.0,2022-12-01
중랑구,상봉1동 238-1(고정2)_C-SB01-0031-B,37.6017,127.0884,1.0,2022-12-01
중랑구,상봉1동 238-1 (형제슈퍼앞)_C-SB01-0031,37.6017,127.0884,1.0,2022-12-01
중랑구,상봉1동 237-37(고정1)_C-SB01-0037-A,37.6015,127.0894,1.0,2022-12-01
중랑구,상봉1동 237-37(고정3)_C-SB01-0037-C,37.6015,127.0894,1.0,2022-12-01
중랑구,상봉1동 237-37(고정2)_C-SB01-0037-B,37.6015,127.0894,1.0,2022-12-01
중랑구,상봉1동 268-3 (품안채 앞)_C-SB01-0046,37.5999,127.0886,1.0,2022-12-01
중랑구,상봉1동 257-26(고정1)_C-SB01-0023-A,37.6005,127.0891,1.0,2022-12-01
중랑구,상봉1동 257-26 (주택가 골목삼거리)_C-SB01-0023,37.6005,127.0891,1.0,2022-12-01
중랑구,상봉1동 244-1 (골목길 보안등)_C-SB01-0051-2,37.6020,127.0880,1.0,2022-12-01
중랑구,상봉1동 268-3 (고정)_C-SB01-0046-A,37.5999,127.0886,1.0,2022-12-01
중랑구,상봉1동 257-26(고정2)_C-SB01-0023-B,37.6005,127.0891,1.0,2022-12-01
중랑구,상봉1동 257-52(고정2)_C-SB01-0002-B,37.6008,127.0884,1.0,2022-12-01
중랑구,상봉1동 257-52 (대명갈비안쪽골목사거리)_C-SB01-0002,37.6008,127.0884,1.0,2022-12-01
중랑구,상봉1동 27(고정2)_C-SB01-0058-B,37.6023,127.0921,1.0,2022-12-01
중랑구,상봉1동 282-1(고정1)_C-SB01-0015-A,37.6006,127.0902,1.0,2022-12-01
중랑구,상봉1동 279-100(고정1)_C-SB01-0029-A,37.5999,127.0908,1.0,2022-12-01
중랑구,상봉1동 268-36 (고정)_C-SB01-0050-A,37.6001,127.0878,1.0,2022-12-01
중랑구,상봉1동 276-81(보조2)_C-SB01-0054-2,37.5999,127.0900,1.0,2022-12-01
중랑구,상봉1동 276-7 (고정)_C-SB01-0054-A,37.5999,127.0895,1.0,2022-12-01
중랑구,상봉1동 276-81(보조1)_C-SB01-0054-1,37.5999,127.0900,1.0,2022-12-01
중랑구,상봉1동 276-7 (삼거리 전신주 옆)_C-SB01-0054,37.5999,127.0895,1.0,2022-12-01
중랑구,상봉1동 279-78(고정2)_C-SB01-0036-B,37.6011,127.0911,1.0,2022-12-01
중랑구,상봉1동 279-78 (악어분식집앞)_C-SB01-0036,37.6011,127.0911,1.0,2022-12-01
중랑구,상봉1동 279-36(고정2)_C-SB01-0008-B,37.6005,127.0912,1.0,2022-12-01
중랑구,상봉1동 279-36(고정1)_C-SB01-0008-A,37.6005,127.0912,1.0,2022-12-01
중랑구,상봉1동 279-64(고정3)_C-SB01-0027-C,37.6005,127.0919,1.0,2022-12-01
중랑구,상봉1동 279-36(고정3)_C-SB01-0008-C,37.6005,127.0912,1.0,2022-12-01
중랑구,상봉1동 279-64(고정2)_C-SB01-0027-B,37.6005,127.0919,1.0,2022-12-01
중랑구,상봉1동 279-64(고정1)_C-SB01-0027-A,37.6005,127.0919,1.0,2022-12-01
중랑구,상봉1동 29-12(고정2)_C-SB01-0006-B,37.6019,127.0915,1.0,2022-12-01
중랑구,상봉1동 50-1(고정2)_C-SB01-0007-B,37.5992,127.0944,1.0,2022-12-01
중랑구,상봉1동 497-5 (태영아파트1408동앞)_C-SB01-0053,37.6033,127.0932,1.0,2022-12-01
중랑구,상봉1동 333-10 (고정)_C-SB01-0042-A,37.5968,127.0836,1.0,2022-12-01
중랑구,상봉1동 287-1 (상봉어린이집)_C-SB01-0019,37.6021,127.0905,1.0,2022-12-01
중랑구,상봉1동 29-12(고정1)_C-SB01-0006-A,37.6019,127.0915,1.0,2022-12-01
중랑구,상봉1동 29-12 (영광마트앞)_C-SB01-0006,37.6019,127.0915,1.0,2022-12-01
중랑구,상봉1동 287-1(고정1)_C-SB01-0019-A,37.6021,127.0905,1.0,2022-12-01
중랑구,상봉1동 304-31 (주택가 골목길)_C-SB01-0041,37.5996,127.0857,1.0,2022-12-01
중랑구,상봉1동 3-4(고정1)_C-SB01-0021-A,37.6011,127.0953,1.0,2022-12-01
중랑구,상봉1동 3-4 (건영아파트 204동 205동 사이)_C-SB01-0021,37.6011,127.0953,1.0,2022-12-01
중랑구,상봉1동 287-1(고정2)_C-SB01-0019-B,37.6021,127.0905,1.0,2022-12-01
중랑구,상봉1동 3-4(고정2)_C-SB01-0021-B,37.6011,127.0953,1.0,2022-12-01
중랑구,상봉1동 303-48 (신내테크노타운 맞은편)_C-SB01-0049,37.6039,127.0875,1.0,2022-12-01
중랑구,상봉1동 308(고정2)_C-SB01-0020-B,37.5987,127.0851,1.0,2022-12-01
중랑구,상봉1동 323-15(고정1)_C-SB01-0009-A,37.5970,127.0843,1.0,2022-12-01
중랑구,상봉1동 312-1(고정1)_C-SB01-0026-B,37.5979,127.0846,1.0,2022-12-01
중랑구,상봉1동 308(고정1)_C-SB01-0020-A,37.5987,127.0851,1.0,2022-12-01
중랑구,상봉1동 312-1(고정)_C-SB01-0034-A,37.5984,127.0830,1.0,2022-12-01
중랑구,상봉1동 308(고정4)_C-SB01-0020-D,37.5987,127.0851,1.0,2022-12-01
중랑구,상봉1동 312-1 (한신@104동앞)_C-SB01-0025,37.5976,127.0833,1.0,2022-12-01
중랑구,상봉1동 312-1 (상봉초교 정문)_C-SB01-0034,37.5984,127.0830,1.0,2022-12-01
중랑구,상봉1동 323-15 (일화슈퍼마켓앞)_C-SB01-0009,37.5970,127.0843,1.0,2022-12-01
중랑구,상봉1동 315-103(고정1)_968,37.5972,127.0855,1.0,2022-12-01
중랑구,상봉1동 314-25(고정1)_C-SB01-0003-A,37.5976,127.0853,1.0,2022-12-01
중랑구,상봉1동 312-1(고정2)_C-SB01-0026-C,37.5979,127.0846,1.0,2022-12-01
중랑구,상봉1동 32-2 (한빛 인테리어옆)_C-SB01-0047,37.6022,127.0927,1.0,2022-12-01
중랑구,상봉1동 315-103(고정2)_968,37.5972,127.0855,1.0,2022-12-01
중랑구,상봉1동 315-55 (주택가사거리)_M-JN00-0010,37.5975,127.0860,1.0,2022-12-01
중랑구,상봉1동 333-10 (상봉지하차도 입구)_C-SB01-0042,37.5968,127.0836,1.0,2022-12-01
중랑구,상봉1동 497-4(고정3)_989,37.6025,127.0938,1.0,2022-12-01
중랑구,상봉1동 481(고정2)_C-SB01-0033-B,37.6046,127.0900,1.0,2022-12-01
중랑구,상봉1동 333-32(고정2)_C-SB01-0017-B,37.5964,127.0840,1.0,2022-12-01
중랑구,상봉1동 333-32(고정1)_C-SB01-0017-A,37.5964,127.0840,1.0,2022-12-01
중랑구,상봉1동 333-10(고정2)_C-SB01-0042-B,37.5968,127.0836,1.0,2022-12-01
중랑구,상봉1동 333-32 (봉황 지하차도안쪽)_C-SB01-0018,37.5968,127.0839,1.0,2022-12-01
중랑구,상봉1동 333-32  (봉황지하차도 출입구)_C-SB01-0017,37.5964,127.0840,1.0,2022-12-01
중랑구,상봉1동 481(고정1)_C-SB01-0033-A,37.6046,127.0900,1.0,2022-12-01
중랑구,상봉1동 46-9(망우역 지하보도 안 보조1)_C-SB01-0021-3,37.6004,127.0954,1.0,2022-12-01
중랑구,상봉1동 34-8 (도양라비앙빌4동 앞)_C-SB01-0048,37.6017,127.0934,1.0,2022-12-01
중랑구,상봉1동 333-32(고정2)_C-SB01-0018-B,37.5968,127.0839,1.0,2022-12-01
중랑구,상봉1동 481 (보현정사입구)_C-SB01-0033,37.6046,127.0900,1.0,2022-12-01
중랑구,상봉1동 34-8 (고정)_C-SB01-0048-A,37.6017,127.0934,1.0,2022-12-01
중랑구,상봉1동 333-32(고정1)_C-SB01-0018-A,37.5968,127.0839,1.0,2022-12-01
중랑구,상봉1동 46-9(망우역 지하보도 안 보조2)_C-SB01-0021-4,37.6009,127.0952,1.0,2022-12-01
중랑구,상봉1동 482 (신현고등학교사거리)_C-SB01-0052,37.6057,127.0927,1.0,2022-12-01
중랑구,상봉1동 497-4(고정1)_989,37.6025,127.0938,1.0,2022-12-01
중랑구,상봉1동 496 (우정아파트 105동 담장앞)_C-SB01-0022,37.5995,127.0897,1.0,2022-12-01
중랑구,망우3동 525-1(고정2)_C-MU03-0018-B,37.5906,127.0948,1.0,2022-12-01
중랑구,상봉1동 482 (고정2)_C-SB01-0052-B,37.6057,127.0927,1.0,2022-12-01
중랑구,상봉1동 49-3(고정1)_C-SB01-0011-A,37.5999,127.0952,1.0,2022-12-01
중랑구,상봉1동 482(고정3)_C-SB01-0052-C,37.6057,127.0927,1.0,2022-12-01
중랑구,상봉1동 49-3 (주차장 앞)_C-SB01-0011,37.5999,127.0952,1.0,2022-12-01
중랑구,상봉1동 484-1(고정1)_C-SB01-0024-A,37.6034,127.0899,1.0,2022-12-01
중랑구,상봉1동 497-4 (고정2)_989,37.6025,127.0938,1.0,2022-12-01
중랑구,상봉1동 496(고정2)_C-SB01-0022-B,37.5995,127.0897,1.0,2022-12-01
중랑구,상봉1동 496(고정1)_C-SB01-0022-A,37.5995,127.0897,1.0,2022-12-01
중랑구,상봉1동 484-1(고정2)_C-SB01-0024-B,37.6034,127.0899,1.0,2022-12-01
중랑구,상봉1동 497(고정2)_C-SB01-0032-B,37.6042,127.0924,1.0,2022-12-01
중랑구,상봉1동 497 (OK공인중개사 건너편 인도)_C-SB01-0032,37.6042,127.0924,1.0,2022-12-01
중랑구,상봉1동 497(고정1)_C-SB01-0032-A,37.6042,127.0924,1.0,2022-12-01
중랑구,상봉1동 484-1 (신현상상어린이공원)_C-SB01-0024,37.6034,127.0899,1.0,2022-12-01
중랑구,상봉2동 102-73(상봉역 주정차고정4)_P-SB02-0903-D,37.5947,127.0861,1.0,2022-12-01
중랑구,중화2동 297-29(고정1)_C-JH02-0034-A,37.5958,127.0775,1.0,2022-12-01
중랑구,상봉1동 81-5(고정2)_960,37.5966,127.0917,1.0,2022-12-01
중랑구,상봉1동 50-9 (망우역 동부화재앞)_C-SB01-0010,37.5989,127.0928,1.0,2022-12-01
중랑구,상봉1동 50-8(보조1)_C-SB01-0007-3,37.5991,127.0937,1.0,2022-12-01
중랑구,신내1동 567(보조)_C-SN01-0046-1,37.6050,127.0962,1.0,2022-12-01
중랑구,상봉2동 130-134(아빌빌라 앞)_C-SB02-0047,37.5936,127.0760,1.0,2022-12-01
중랑구,상봉2동 110(고정1)_C-SB02-0012-A,37.5937,127.0854,1.0,2022-12-01
중랑구,상봉1동 502(고정3)_923,37.5967,127.0833,1.0,2022-12-01
중랑구,상봉1동 74-2(고정3)_C-SB01-0059-C,37.5989,127.0952,1.0,2022-12-01
중랑구,상봉1동 502(고정1)_923,37.5967,127.0833,1.0,2022-12-01
중랑구,상봉1동 50-9 (주민참여 예산 고정2)_C-SB01-0010-B,37.5989,127.0928,1.0,2022-12-01
중랑구,상봉1동 74-2(고정1)_C-SB01-0059-A,37.5989,127.0952,1.0,2022-12-01
중랑구,상봉1동 53-2(망우역뒷편#1고정1)_C-SB01-0056,37.6007,127.0930,1.0,2022-12-01
중랑구,상봉1동 53-2(망우역뒷편#2고정2)_C-SB01-0056-3,37.6008,127.0937,1.0,2022-12-01
중랑구,상봉1동 53-2(망우역뒷편#2고정1)_C-SB01-0056-2,37.6008,127.0937,1.0,2022-12-01
중랑구,상봉1동 84-34(고정2)_922,37.5942,127.0930,1.0,2022-12-01
중랑구,상봉2동 102-73(상봉역 주정차고정3)_P-SB02-0903-C,37.5947,127.0861,1.0,2022-12-01
중랑구,상봉1동 산4-1 (봉수대공원그네앞)_C-SB01-0016,37.6070,127.0913,1.0,2022-12-01
중랑구,상봉1동 84-34(고정1)_922,37.5942,127.0930,1.0,2022-12-01
중랑구,상봉1동 99번지 (상봉지하보도 앞)_C-SB01-0028,37.5977,127.0884,1.0,2022-12-01
중랑구,상봉1동 84-34(고정3)_922,37.5942,127.0930,1.0,2022-12-01
중랑구,상봉1동 99(고정1)_C-SB01-0028-A,37.5977,127.0884,1.0,2022-12-01
중랑구,상봉1동 84-34(고정4)_922 ,37.5942,127.0930,1.0,2022-12-01
중랑구,상봉2동 102-73(상봉역 주정차고정1)_P-SB02-0903-A,37.5947,127.0861,1.0,2022-12-01
중랑구,상봉2동  125-16 (유정사세탁소 골목길)_C-SB02-0015,37.5923,127.0815,1.0,2022-12-01
중랑구,상봉1동 산4-1(고정3)_C-SB01-0016-C,37.6070,127.0913,1.0,2022-12-01
중랑구,상봉1동 산4-1(고정1)_C-SB01-0016-A,37.6070,127.0913,1.0,2022-12-01
중랑구,상봉2동 102-56(고정1)_C-SB02-0046-A,37.5959,127.0862,1.0,2022-12-01
중랑구,상봉2동 102-3 (보조1)_C-SB02-0023-2,37.5956,127.0877,1.0,2022-12-01
중랑구,상봉1동 산4-1(고정2)_C-SB01-0016-B,37.6070,127.0913,1.0,2022-12-01
중랑구,상봉2동 102-56(SH수협은행 건물 뒤 주차장 앞)_C-SB02-0046,37.5959,127.0862,1.0,2022-12-01
중랑구,상봉2동 103 (참예은어린이집)_C-SB02-0023,37.5958,127.0882,1.0,2022-12-01
중랑구,상봉2동 109-26(고정3)_C-SB02-0007-C,37.5930,127.0850,1.0,2022-12-01
중랑구,상봉2동 105-40(고정2)_C-SB02-0005-B,37.5942,127.0894,1.0,2022-12-01
중랑구,상봉2동 103-1(천주교 상봉동 성당 앞)_C-SB02-0044,37.5954,127.0876,1.0,2022-12-01
중랑구,상봉2동 103-1(고정2)_C-SB02-0044-B,37.5954,127.0876,1.0,2022-12-01
중랑구,상봉2동 103(고정3)_C-SB02-0023-C,37.5958,127.0882,1.0,2022-12-01
중랑구,상봉2동 103-1(고정1)_C-SB02-0044-A,37.5954,127.0876,1.0,2022-12-01
중랑구,상봉2동 103(고정4)_C-SB02-0023-D,37.5958,127.0882,1.0,2022-12-01
중랑구,상봉2동 105-40 (백광세탁소앞)_C-SB02-0005,37.5942,127.0894,1.0,2022-12-01
중랑구,상봉2동 103-18(고정2)_C-SB02-0028-B,37.5952,127.0893,1.0,2022-12-01
중랑구,상봉2동 103-18(고정1)_C-SB02-0028-A,37.5952,127.0893,1.0,2022-12-01
중랑구,상봉2동 103-18 (세븐일레븐)_C-SB02-0028,37.5952,127.0893,1.0,2022-12-01
중랑구,상봉2동 105-11 (고정1)_C-SB02-0029-A,37.5943,127.0883,1.0,2022-12-01
중랑구,상봉2동 103-18(고정3)_C-SB02-0028-C,37.5952,127.0893,1.0,2022-12-01
중랑구,상봉2동 104-47(고정3)_C-SB02-0021-C,37.5951,127.0880,1.0,2022-12-01
중랑구,상봉2동 104-47(고정1)_C-SB02-0021-A,37.5951,127.0880,1.0,2022-12-01
중랑구,상봉2동 105-50(고정1)_C-SB02-0022-A,37.5936,127.0882,1.0,2022-12-01
중랑구,상봉2동 109-26(고정1)_C-SB02-0007-A,37.5930,127.0850,1.0,2022-12-01
중랑구,상봉2동 107-1(고정2)_980,37.5941,127.0867,1.0,2022-12-01
중랑구,상봉2동 105-40(고정3)_C-SB02-0005-C,37.5942,127.0894,1.0,2022-12-01
중랑구,상봉2동 107-1(고정1)_980,37.5941,127.0867,1.0,2022-12-01
중랑구,상봉2동 105-50(고정3)_C-SB02-0022-C,37.5936,127.0882,1.0,2022-12-01
중랑구,상봉2동 107-1 (삼성어린이집)_C-SB02-0016,37.5941,127.0867,1.0,2022-12-01
중랑구,상봉2동 105-91(고정2)_C-SB02-0043-B,37.5934,127.0893,1.0,2022-12-01
중랑구,상봉2동 109-26 (주택가 골목길)_C-SB02-0007,37.5930,127.0850,1.0,2022-12-01
중랑구,상봉2동 107-60 건너편 (동네갈비앞)_C-SB02-0027,37.5935,127.0874,1.0,2022-12-01
중랑구,상봉2동 107-33(고정2)_C-SB02-0030-B,37.5946,127.0868,1.0,2022-12-01
중랑구,상봉2동 107-33 (아모르모텔)_C-SB02-0030,37.5946,127.0868,1.0,2022-12-01
중랑구,상봉2동 108-38 (삼거리 통신주)_C-SB02-0007-1,37.5932,127.0857,1.0,2022-12-01
중랑구,상봉2동 107-60(고정1)_C-SB02-0027-A,37.5935,127.0874,1.0,2022-12-01
중랑구,상봉2동 107-9앞 (신한은행앞)_C-SB02-0026,37.5929,127.0867,1.0,2022-12-01
중랑구,상봉2동 107-9(고정2)_C-SB02-0026-B,37.5929,127.0867,1.0,2022-12-01
중랑구,면목2동 193-1(고정1)_C-MM02-0046-A,37.5884,127.0766,1.0,2022-12-01
중랑구,상봉2동 113-30(고정1)_C-SB02-0048-A,37.5945,127.0855,1.0,2022-12-01
중랑구,상봉2동 130-134(고정1)_C-SB02-0047-A,37.5936,127.0760,1.0,2022-12-01
중랑구,상봉2동 122-31 (고정)_C-SB02-0002-A,37.5931,127.0824,1.0,2022-12-01
중랑구,상봉2동 114-1(고정2)_C-SB02-0032-B,37.5950,127.0848,1.0,2022-12-01
중랑구,상봉2동 110-52 (공영주차장 뒷골목)_C-SB02-0019,37.5931,127.0842,1.0,2022-12-01
중랑구,상봉2동 112-51 ( 고정)_C-SB02-0038-A,37.5940,127.0834,1.0,2022-12-01
중랑구,상봉2동 110-54 (공영주차장뒷골목 보조2)_C-SB02-0019-2,37.5933,127.0845,1.0,2022-12-01
중랑구,상봉2동 110-54 (공영주차장뒷골목 보조1)_C-SB02-0019-1,37.5933,127.0845,1.0,2022-12-01
중랑구,상봉2동 114-1(고정2)_C-SB02-0001-B,37.5950,127.0850,1.0,2022-12-01
중랑구,상봉2동 113-30(굴보쌈집 앞)_C-SB02-0048,37.5945,127.0855,1.0,2022-12-01
중랑구,상봉2동 113-30(고정3)_C-SB02-0048-C,37.5945,127.0855,1.0,2022-12-01
중랑구,상봉2동 113-30(고정2)_C-SB02-0048-B,37.5945,127.0855,1.0,2022-12-01
중랑구,상봉2동 114-1(고정1)_C-SB02-0001-A,37.5950,127.0850,1.0,2022-12-01
중랑구,상봉2동 113-38 (골목길 통신주 보)_C-SB02-0001-1,37.5951,127.0853,1.0,2022-12-01
중랑구,상봉2동 114-1 (봉황상상어린이공원밖)_C-SB02-0001,37.5950,127.0850,1.0,2022-12-01
중랑구,상봉2동 114-1 (봉황상상어린이공원)_C-SB02-0032,37.5950,127.0848,1.0,2022-12-01
중랑구,상봉2동 115-27(고정1)_C-SB02-0031-A,37.5954,127.0843,1.0,2022-12-01
중랑구,상봉2동 121-14(고정2)_C-SB02-0008-B,37.5941,127.0818,1.0,2022-12-01
중랑구,상봉2동 118-1(고정3)_C-SB02-0020-C,37.5950,127.0829,1.0,2022-12-01
중랑구,상봉2동 115-27 (미랜드프레임빌@)_C-SB02-0031,37.5954,127.0843,1.0,2022-12-01
중랑구,상봉2동 118-1(고정2)_C-SB02-0020-B,37.5950,127.0829,1.0,2022-12-01
중랑구,상봉2동 115-27(고정2)_C-SB02-0031-B,37.5954,127.0843,1.0,2022-12-01
중랑구,상봉2동 118-1 (봉황헤어라인앞)_C-SB02-0020,37.5950,127.0829,1.0,2022-12-01
중랑구,상봉2동 115-27(고정3)_C-SB02-0031-C,37.5954,127.0843,1.0,2022-12-01
중랑구,상봉2동 121-14 (대호하이츠)_C-SB02-0008,37.5941,127.0818,1.0,2022-12-01
중랑구,상봉2동 119-56(고정2)_C-SB02-0033-B,37.5948,127.0820,1.0,2022-12-01
중랑구,상봉2동 119-56(고정1)_C-SB02-0033-A,37.5948,127.0820,1.0,2022-12-01
중랑구,상봉2동 119-56 (대영리치빌 옆)_C-SB02-0033,37.5948,127.0820,1.0,2022-12-01
중랑구,상봉2동 120-52(고정3)_C-SB02-0035-C,37.5934,127.0810,1.0,2022-12-01
중랑구,상봉2동 120(고정1)_C-SB02-0013-A,37.5944,127.0811,1.0,2022-12-01
중랑구,상봉2동 120-52(고정1)_C-SB02-0035-A,37.5934,127.0810,1.0,2022-12-01
중랑구,상봉2동 120-52 (유성부동산앞)_C-SB02-0035,37.5934,127.0810,1.0,2022-12-01
중랑구,상봉2동 122-31 (상봉공원서문입구)_C-SB02-0002,37.5931,127.0824,1.0,2022-12-01
중랑구,상봉2동 130(고정4)_C-SB02-0049-D,37.5938,127.0763,1.0,2022-12-01
중랑구,상봉2동 127-35 (서울 빌리지 모서리 건너편 통신주옆)_C-SB02-0042,37.5927,127.0799,1.0,2022-12-01
중랑구,상봉2동 124-3(고정2)_C-SB02-0014-B,37.5928,127.0837,1.0,2022-12-01
중랑구,상봉2동 124-3 (이레부동산)_C-SB02-0014,37.5928,127.0837,1.0,2022-12-01
중랑구,상봉2동 122-31 (상봉공원안)_C-SB02-0009,37.5933,127.0824,1.0,2022-12-01
중랑구,상봉2동 124-18(보조)_C-SB02-0002-2,37.5932,127.0831,1.0,2022-12-01
중랑구,상봉2동 122-31(고정2)_C-SB02-0009-B,37.5933,127.0824,1.0,2022-12-01
중랑구,상봉2동 125-68(고정1)_C-SB02-0017-A,37.5921,127.0820,1.0,2022-12-01
중랑구,상봉2동 125-16(고정1)_C-SB02-0015-A,37.5923,127.0815,1.0,2022-12-01
중랑구,상봉2동 124-50 (상봉슈퍼사거리)_C-SB02-0018,37.5929,127.0815,1.0,2022-12-01
중랑구,상봉2동 124-3(고정3)_C-SB02-0014-C,37.5928,127.0837,1.0,2022-12-01
중랑구,상봉2동 125-68 (화성빌딩 뒷길)_C-SB02-0017,37.5921,127.0820,1.0,2022-12-01
중랑구,상봉2동 125-16(고정2)_C-SB02-0015-B,37.5923,127.0815,1.0,2022-12-01
중랑구,상봉2동 125-51 (컴퓨터가게앞사거리)_C-SB02-0039,37.5920,127.0809,1.0,2022-12-01
중랑구,상봉2동 125-51 (고정)_C-SB02-0039-A,37.5920,127.0809,1.0,2022-12-01
중랑구,상봉2동 128-90(고정1)_C-SB02-0024-A,37.5941,127.0796,1.0,2022-12-01
중랑구,상봉2동 130(고정3)_C-SB02-0049-C,37.5938,127.0763,1.0,2022-12-01
중랑구,상봉2동 129-26(보조1)_C-SB02-0040-2,37.5937,127.0779,1.0,2022-12-01
중랑구,상봉2동 128-90 (대원 나동 담장)_C-SB02-0024,37.5941,127.0796,1.0,2022-12-01
중랑구,상봉2동 129(고정4)_935,37.5941,127.0772,1.0,2022-12-01
중랑구,상봉2동 128-90(고정2)_C-SB02-0024-B,37.5941,127.0796,1.0,2022-12-01
중랑구,상봉2동 129(고정3)_935,37.5941,127.0772,1.0,2022-12-01
중랑구,상봉2동 129(고정2)_935,37.5941,127.0772,1.0,2022-12-01
중랑구,상봉2동 130(고정2)_C-SB02-0049-B,37.5938,127.0763,1.0,2022-12-01
중랑구,상봉2동 129-47 (채움공인중개사 앞)_C-SB02-0025,37.5929,127.0782,1.0,2022-12-01
중랑구,상봉2동 129-42 (삼거리 전주와통신주 사이)_C-SB02-0040,37.5935,127.0776,1.0,2022-12-01
중랑구,상봉2동 129-42 (고정)_C-SB02-0040-A,37.5935,127.0776,1.0,2022-12-01
중랑구,상봉2동 130(고정1)_C-SB02-0049-A,37.5938,127.0763,1.0,2022-12-01
중랑구,상봉2동 129-47(고정1)_C-SB02-0025-A,37.5929,127.0782,1.0,2022-12-01
중랑구,상봉2동 129-47(고정3)_C-SB02-0025-C,37.5929,127.0782,1.0,2022-12-01
중랑구,상봉2동 129-47(고정2)_C-SB02-0025-B,37.5929,127.0782,1.0,2022-12-01
중랑구,상봉2동 92-2(고정1)_C-SB02-0045-A,37.5966,127.0890,1.0,2022-12-01
중랑구,신내1동 495-38(동궁장 모텔 주차장 입구)_C-SN01-0054,37.5997,127.0956,1.0,2022-12-01
중랑구,상봉2동 81(고정2)_969,37.5973,127.0895,1.0,2022-12-01
중랑구,상봉2동 130-3(고정1)_921,37.5934,127.0745,1.0,2022-12-01
중랑구,상봉2동 130-2(고정2)_C-SB02-0034-B,37.5935,127.0750,1.0,2022-12-01
중랑구,신내1동 323-1(고정3)_C-SN01-0031-C,37.6146,127.1008,1.0,2022-12-01
중랑구,상봉2동 130-134(보조1)_C-SB02-0047-1,37.5936,127.0762,1.0,2022-12-01
중랑구,상봉2동 130-2 (우리은행 중랑교지점 옆)_C-SB02-0034,37.5935,127.0750,1.0,2022-12-01
중랑구,상봉2동 81(고정1)_969,37.5973,127.0895,1.0,2022-12-01
중랑구,상봉2동 130-87(고정2)_C-SB02-0003-B,37.5927,127.0748,1.0,2022-12-01
중랑구,상봉2동 130-3(고정3)_921,37.5934,127.0745,1.0,2022-12-01
중랑구,상봉2동 130-3(고정2)_921,37.5934,127.0745,1.0,2022-12-01
중랑구,상봉2동 136-35(고정2)_C-SB02-0010-B,37.5918,127.0739,1.0,2022-12-01
중랑구,상봉2동 130-87(고정4)_C-SB02-0003-D,37.5927,127.0748,1.0,2022-12-01
중랑구,상봉2동 136-35(고정1)_C-SB02-0010-A,37.5918,127.0739,1.0,2022-12-01
중랑구,상봉2동 136-25 (보조)_C-SB02-0003-1,37.5925,127.0742,1.0,2022-12-01
중랑구,상봉2동 83-8(고정1)_P-SB02-0908-A,37.5964,127.0929,1.0,2022-12-01
중랑구,상봉2동 90-40(고정3)_C-SB02-0037-C,37.5964,127.0880,1.0,2022-12-01
중랑구,상봉2동 86-62(보조)_C-SB02-0006-1,37.5942,127.0901,1.0,2022-12-01
중랑구,상봉2동 81-8(고정1 )_P-SB02-0959,37.5961,127.0904,1.0,2022-12-01
중랑구,상봉2동 84-8(블로양봉원)_G-JN00-0002,37.5947,127.0930,1.0,2022-12-01
중랑구,상봉2동 83-8(고정2)_P-SB02-0908-B,37.5964,127.0929,1.0,2022-12-01
중랑구,상봉2동 84-8(고정3)_G-JN00-0002-C,37.5947,127.0930,1.0,2022-12-01
중랑구,상봉2동 84-8(고정2)_G-JN00-0002-B,37.5947,127.0930,1.0,2022-12-01
중랑구,상봉2동 90-40(고정2)_C-SB02-0037-B,37.5964,127.0880,1.0,2022-12-01
중랑구,상봉2동 88-111 (믿음약국)_C-SB02-0006,37.5947,127.0901,1.0,2022-12-01
중랑구,상봉2동 86-73(고정2)_C-SB02-0004-B,37.5946,127.0921,1.0,2022-12-01
중랑구,상봉2동 86-73 (안성슈퍼건너편)_C-SB02-0004,37.5946,127.0921,1.0,2022-12-01
중랑구,상봉2동 90-14 (보조)_C-SB02-0023-1,37.5957,127.0884,1.0,2022-12-01
중랑구,상봉2동 88-111(고정2)_C-SB02-0006-B,37.5947,127.0901,1.0,2022-12-01
중랑구,상봉2동 90-40 (한국관 주차장 뒤 코너)_C-SB02-0037,37.5964,127.0880,1.0,2022-12-01
중랑구,상봉2동 90-40 (고정1)_C-SB02-0037-A,37.5964,127.0880,1.0,2022-12-01
중랑구,상봉2동 92-2(고정3)_C-SB02-0045-C,37.5966,127.0890,1.0,2022-12-01
중랑구,신내1동 323-1(고정2)_C-SN01-0031-B,37.6146,127.1008,1.0,2022-12-01
중랑구,신내1동 256-25(고정1)_C-SN01-0038-A,37.6204,127.1062,1.0,2022-12-01
중랑구,신내1동 139 (봉화산정상체육시설보조)_C-SN01-0014-1,37.6086,127.0875,1.0,2022-12-01
중랑구,신내1동 139 (봉화산정상체육시설 보조)_C-SN01-0014-2,37.6086,127.0875,1.0,2022-12-01
중랑구,상봉2동 92-2(시네마시티 오피스텔 주차장 입구)_C-SB02-0045,37.5966,127.0890,1.0,2022-12-01
중랑구,신내1동 139 (봉화산정상)_C-SN01-0014,37.6087,127.0872,1.0,2022-12-01
중랑구,신내1동  817-49 (신내3단지 능말공원 #1)_C-SN01-0026,37.6166,127.1090,1.0,2022-12-01
중랑구,상봉2동 86-73(고정1)_C-SB02-0004-A,37.5946,127.0921,1.0,2022-12-01
중랑구,신내1동 139(봉화산정상체육시설 보조4)_C-SN01-0014-4,37.6086,127.0875,1.0,2022-12-01
중랑구,상봉2동 92-2(고정2)_C-SB02-0045-B,37.5966,127.0890,1.0,2022-12-01
중랑구,신내1동 139(봉화산정상체육시설 보조3)_C-SN01-0014-3,37.6086,127.0875,1.0,2022-12-01
중랑구,신내1동 256-25 (중랑경찰서입구 삼거리)_C-SN01-0038,37.6204,127.1062,1.0,2022-12-01
중랑구,상봉2동 88-111(고정1)_C-SB02-0006-A,37.5947,127.0901,1.0,2022-12-01
중랑구,신내1동 241(고정1)_C-SN01-0039-A,37.6181,127.1110,1.0,2022-12-01
중랑구,신내1동 241 (새솔초교 곡각)_C-SN01-0039,37.6181,127.1110,1.0,2022-12-01
중랑구,신내1동 278-11(고정1)_C-SN01-0021-A,37.6177,127.1025,1.0,2022-12-01
중랑구,신내1동 323-1(고정1)_C-SN01-0031-A,37.6146,127.1008,1.0,2022-12-01
중랑구,신내1동 287-1 (사거리 인도)_C-SN01-0050,37.6172,127.1006,1.0,2022-12-01
중랑구,신내1동 256-25(고정2)_C-SN01-0038-B,37.6204,127.1062,1.0,2022-12-01
중랑구,신내1동 284-26 (해피하우스빌라앞)_C-SN01-0047,37.6178,127.1012,1.0,2022-12-01
중랑구,신내1동 278-11(고정2)_C-SN01-0021-B,37.6177,127.1025,1.0,2022-12-01
중랑구,신내1동 284-11(고정2)_C-SN01-0034-B,37.6171,127.1015,1.0,2022-12-01
중랑구,신내1동 284-11 (안새우개마을입구)_C-SN01-0034,37.6171,127.1015,1.0,2022-12-01
중랑구,신내1동 316(고정2)_962,37.6136,127.0981,1.0,2022-12-01
중랑구,신내1동 310-2(묵동천변길옆)_C-SN01-0052,37.6155,127.0978,1.0,2022-12-01
중랑구,신내1동 310-2(고정2)_C-SN01-0052-B,37.6155,127.0978,1.0,2022-12-01
중랑구,신내1동 310-2(고정1)_C-SN01-0052-A,37.6155,127.0978,1.0,2022-12-01
중랑구,신내1동 315-5(고정3)_C-SN01-0030-C,37.6139,127.0983,1.0,2022-12-01
중랑구,신내1동 315-5 (서울의료원 앞 신내어울공원)_C-SN01-0030,37.6139,127.0983,1.0,2022-12-01
중랑구,신내1동 315-5(고정2)_C-SN01-0030-B,37.6139,127.0983,1.0,2022-12-01
중랑구,신내1동 315-5(고정1)_C-SN01-0030-A,37.6139,127.0983,1.0,2022-12-01
중랑구,신내1동 365-2(고정2)_C-SN01-0016-B,37.6122,127.0971,1.0,2022-12-01
중랑구,신내1동 495-38(고정2)_C-SN01-0054-B,37.5997,127.0956,1.0,2022-12-01
중랑구,신내1동 448-19(고정2)_C-SN01-0010-B,37.6049,127.0989,1.0,2022-12-01
중랑구,신내1동 425-1(고정1)_C-SN01-0051-A,37.6050,127.1007,1.0,2022-12-01
중랑구,신내1동 337-13(고정2)_C-SN01-0056-B,37.6165,127.1009,1.0,2022-12-01
중랑구,신내1동 365-2(고정1)_C-SN01-0016-A,37.6122,127.0971,1.0,2022-12-01
중랑구,신내1동 337-13(동양주류 앞)_C-SN01-0056,37.6165,127.1009,1.0,2022-12-01
중랑구,신내1동 365-2 (능산공원내 관리실옆화단)_C-SN01-0016,37.6122,127.0971,1.0,2022-12-01
중랑구,신내1동 418-3(고정2)_982,37.6058,127.1007,1.0,2022-12-01
중랑구,신내1동 407-26(고정1)_963,37.6075,127.0969,1.0,2022-12-01
중랑구,신내1동 393-17(고정1)_C-SN01-0033-A,37.6084,127.0989,1.0,2022-12-01
중랑구,신내1동 393-17 (한림축산물센터 앞)_C-SN01-0033,37.6084,127.0989,1.0,2022-12-01
중랑구,신내1동 418-3(고정1)_982,37.6058,127.1007,1.0,2022-12-01
중랑구,상봉1동 315-103(고정3)_968,37.5972,127.0855,1.0,2022-12-01
중랑구,신내1동 407-26(고정3)_963,37.6075,127.0969,1.0,2022-12-01
중랑구,신내1동 409-10(고정2)_C-SN01-0009-B,37.6069,127.0971,1.0,2022-12-01
중랑구,신내1동 409-10 (동성4차아파트 후문 앞)_C-SN01-0009,37.6069,127.0971,1.0,2022-12-01
중랑구,신내1동 437 (벽산공인중개사 건너편)_C-SN01-0020,37.6038,127.1006,1.0,2022-12-01
중랑구,신내1동 448-19 (동아일보 앞)_C-SN01-0010,37.6049,127.0989,1.0,2022-12-01
중랑구,신내1동 444(고정1)_C-SN01-0013-A,37.6038,127.0993,1.0,2022-12-01
중랑구,신내1동 425-1(신내초곡각)_C-SN01-0051,37.6050,127.1007,1.0,2022-12-01
중랑구,신내1동 444 (신내초 정문)_C-SN01-0013,37.6038,127.0993,1.0,2022-12-01
중랑구,신내1동 437 (벽산아파트입구옆건너편)_C-SN01-0043,37.6024,127.0996,1.0,2022-12-01
중랑구,신내1동 437(보조)_C-SN01-0043-1,37.6021,127.0989,1.0,2022-12-01
중랑구,신내1동 437(고정2)_C-SN01-0020-B,37.6038,127.1006,1.0,2022-12-01
중랑구,신내1동 448-1(고정3)_C-SN01-0055-C,37.6058,127.0993,1.0,2022-12-01
중랑구,신내1동 445-2(고정1)_C-SN01-0040-A,37.6051,127.0997,1.0,2022-12-01
중랑구,신내1동 445-2 (신내초등학교앞사거리)_C-SN01-0040,37.6051,127.0997,1.0,2022-12-01
중랑구,신내1동 444(고정2)_C-SN01-0013-B,37.6038,127.0993,1.0,2022-12-01
중랑구,신내1동 448-1(고정1)_C-SN01-0055-A,37.6058,127.0993,1.0,2022-12-01
중랑구,신내1동 445-2(고정3)_C-SN01-0040-C,37.6051,127.0997,1.0,2022-12-01
중랑구,신내1동 446-2(고정2)_C-SN01-0053-B,37.6041,127.0989,1.0,2022-12-01
중랑구,신내1동 446-2(고정1)_C-SN01-0053-A,37.6041,127.0989,1.0,2022-12-01
중랑구,신내1동 456-3 (새마을금고 앞)_C-SN01-0005,37.6059,127.0979,1.0,2022-12-01
중랑구,신내1동 495-38(고정1)_C-SN01-0054-A,37.5997,127.0956,1.0,2022-12-01
중랑구,신내1동 493-148 (삼거리 전신주)_C-SN01-0011-1,37.6011,127.0983,1.0,2022-12-01
중랑구,신내1동 479-1 (신일연립앞 고정2)_C-SN01-0044-B,37.6026,127.0973,1.0,2022-12-01
중랑구,신내1동 474-33(고정2)_C-SN01-0008-B,37.6046,127.0978,1.0,2022-12-01
중랑구,신내1동 456-3(고정2)_C-SN01-0005-B,37.6059,127.0979,1.0,2022-12-01
중랑구,신내1동 474-33(고정1)_C-SN01-0008-A,37.6046,127.0978,1.0,2022-12-01
중랑구,신내1동 474-33 (안골공원)_C-SN01-0008,37.6046,127.0978,1.0,2022-12-01
중랑구,신내1동 493-124(고정2)_C-SN01-0002-B,37.6014,127.0997,1.0,2022-12-01
중랑구,신내1동 483-4(고정2)_C-SN01-0035-B,37.6023,127.0969,1.0,2022-12-01
중랑구,신내1동 483-4 (한국부동산 앞 화단)_C-SN01-0035,37.6023,127.0969,1.0,2022-12-01
중랑구,신내1동 479-1 (신일연립앞)_C-SN01-0044,37.6026,127.0973,1.0,2022-12-01
중랑구,신내1동 493-124(고정1)_C-SN01-0002-A,37.6014,127.0997,1.0,2022-12-01
중랑구,신내1동 487 (고정)_C-SN01-0042-A,37.6032,127.0986,1.0,2022-12-01
중랑구,신내1동 493-124 (신내청소년독서실 앞)_C-SN01-0002,37.6014,127.0997,1.0,2022-12-01
중랑구,신내1동 487 (신내동 라이프미성 앞)_C-SN01-0042,37.6032,127.0986,1.0,2022-12-01
중랑구,신내1동 493-45 (골든빌라앞 진산하이츠빌라)_C-SN01-0011,37.6005,127.0985,1.0,2022-12-01
중랑구,신내1동 495-31 (골목길 통신주)_C-SN01-0019-1,37.5998,127.0959,1.0,2022-12-01
중랑구,신내1동 493-45(고정1)_C-SN01-0011-A,37.6005,127.0985,1.0,2022-12-01
중랑구,신내1동 493-157 (에이스빌 B동옆)_C-SN01-0041,37.6006,127.0990,1.0,2022-12-01
중랑구,신내1동 493-84 (주차라인안옷수거함앞)_C-SN01-0045,37.6017,127.0987,1.0,2022-12-01
중랑구,신내1동 493-157 (고정)_C-SN01-0041-A,37.6006,127.0990,1.0,2022-12-01
중랑구,신내1동 493-84 (고정1)_C-SN01-0045-A,37.6017,127.0987,1.0,2022-12-01
중랑구,신내1동 493-45(고정2)_C-SN01-0011-B,37.6005,127.0985,1.0,2022-12-01
중랑구,신내1동 495-17 (주택가 골목삼거리)_C-SN01-0019,37.6000,127.0966,1.0,2022-12-01
중랑구,신내1동 494-36(고정1)_C-SN01-0018-A,37.6002,127.0978,1.0,2022-12-01
중랑구,신내1동 494-36 (주택가 골목삼거리)_C-SN01-0018,37.6002,127.0978,1.0,2022-12-01
중랑구,신내1동 494-34(보조1)_C-SN01-0018-1,37.6002,127.0981,1.0,2022-12-01
중랑구,신내1동 494-96(고정1)_C-SN01-0012-A,37.6013,127.0978,1.0,2022-12-01
중랑구,신내1동 494-36(고정2)_C-SN01-0018-B,37.6002,127.0978,1.0,2022-12-01
중랑구,신내1동 494-96 (안경어페럴 앞)_C-SN01-0012,37.6013,127.0978,1.0,2022-12-01
중랑구,신내1동 494-96 (보조)_C-SN01-0012-1,37.6013,127.0975,1.0,2022-12-01
중랑구,신내1동 817(고정1)_C-SN01-0036-A,37.6172,127.1090,1.0,2022-12-01
중랑구,중화2동 297-16(고정2)_924,37.5955,127.0780,1.0,2022-12-01
중랑구,신내1동 640-1(고정3)_981(신내동 641),37.6166,127.0934,1.0,2022-12-01
중랑구,신내1동 614-1 (동성아파트 9동 앞)_C-SN01-0032,37.6084,127.0972,1.0,2022-12-01
중랑구,신내1동 581 (바나나모터스앞골목)_C-SN01-0046,37.6050,127.0967,1.0,2022-12-01
중랑구,중화1동 122-7 (한양마트 건너편)_C-JH01-0031,37.6020,127.0851,1.0,2022-12-01
중랑구,신내2동 531(고정1)_C-SN02-0018-A,37.6035,127.0940,1.0,2022-12-01
중랑구,신내1동 581 (고정)_C-SN01-0046-A,37.6050,127.0967,1.0,2022-12-01
중랑구,신내1동 618(고정1)_C-SN01-0022-A,37.6089,127.0958,1.0,2022-12-01
중랑구,신내1동 640-1(고정2)_981(신내동 641),37.6166,127.0934,1.0,2022-12-01
중랑구,신내1동 618 (동성3차@상가)_C-SN01-0022,37.6089,127.0958,1.0,2022-12-01
중랑구,신내1동 614-1(고정1)_C-SN01-0032-A,37.6084,127.0972,1.0,2022-12-01
중랑구,신내1동 640-1(고정1) _981(신내동 641),37.6166,127.0934,1.0,2022-12-01
중랑구,신내1동 63-6 (공영차고지뒤 삼거리)_C-SN01-0001,37.6135,127.1054,1.0,2022-12-01
중랑구,신내1동 63-6(고정2)_C-SN01-0001-B,37.6135,127.1054,1.0,2022-12-01
중랑구,신내1동 63-6(고정1)_C-SN01-0001-A,37.6135,127.1054,1.0,2022-12-01
중랑구,신내1동 641 (KT신내지점 앞 사거리)_C-SN01-0037,37.6166,127.0934,1.0,2022-12-01
중랑구,신내1동 817 (새솔초교 앞 사거리)_C-SN01-0036,37.6172,127.1090,1.0,2022-12-01
중랑구,신내1동 667(고정2)_901,37.6069,127.0954,1.0,2022-12-01
중랑구,신내1동 640-1(고정4)_981(신내동 641),37.6166,127.0934,1.0,2022-12-01
중랑구,신내1동 667(고정1)_901,37.6069,127.0954,1.0,2022-12-01
중랑구,"신내1동 659 (동성1,2차@ 앞 사거리)_C-SN01-0017",37.6104,127.0959,1.0,2022-12-01
중랑구,신내1동 659(고정2)_C-SN01-0017-B,37.6104,127.0959,1.0,2022-12-01
중랑구,신내1동 659(고정1)_C-SN01-0017-A,37.6104,127.0959,1.0,2022-12-01
중랑구,신내1동 800(고정3)_C-SN01-0006-C,37.6005,127.0998,1.0,2022-12-01
중랑구,신내1동 799(고정1)_C-SN01-0007-A,37.6074,127.0996,1.0,2022-12-01
중랑구,신내1동 799 (신내동누렁소)_C-SN01-0007,37.6074,127.0996,1.0,2022-12-01
중랑구,신내1동 667(고정3)_901,37.6069,127.0954,1.0,2022-12-01
중랑구,신내1동 800(고정2)_C-SN01-0006-B,37.6005,127.0998,1.0,2022-12-01
중랑구,신내1동 799(고정2)_C-SN01-0007-B,37.6074,127.0996,1.0,2022-12-01
중랑구,신내1동 800 (동광오뜨빌 앞)_C-SN01-0006,37.6005,127.0998,1.0,2022-12-01
중랑구,신내1동 799(고정3)_C-SN01-0007-C,37.6074,127.0996,1.0,2022-12-01
중랑구,신내1동 817(고정2)_C-SN01-0036-B,37.6172,127.1090,1.0,2022-12-01
중랑구,신내2동 531 (중화초등학교 후문)_C-SN02-0018,37.6035,127.0940,1.0,2022-12-01
중랑구,신내1동 산 139(고정2)_C-SN01-0014-B,37.6087,127.0872,1.0,2022-12-01
중랑구,신내1동 819 (신내3단지 배말공원 #2)_C-SN01-0029,37.6135,127.1113,1.0,2022-12-01
중랑구,신내1동 819 (신내3단지 배말공원 #1)_C-SN01-0028,37.6146,127.1122,1.0,2022-12-01
중랑구,신내1동 817(고정3)_C-SN01-0036-C,37.6172,127.1090,1.0,2022-12-01
중랑구,신내1동 817-49(고정3)_C-SN01-0026-C,37.6166,127.1090,1.0,2022-12-01
중랑구,신내1동 817-49(고정1)_C-SN01-0026-A,37.6166,127.1090,1.0,2022-12-01
중랑구,신내1동 산 139(고정1)_C-SN01-0014-A,37.6087,127.0872,1.0,2022-12-01
중랑구,신내1동 819(고정2)_C-SN01-0029-B,37.6135,127.1113,1.0,2022-12-01
중랑구,신내1동 819(고정1)_C-SN01-0029-A,37.6135,127.1113,1.0,2022-12-01
중랑구,신내1동 819(고정1)_C-SN01-0028-A,37.6146,127.1122,1.0,2022-12-01
중랑구,신내1동 823(고정2)_C-SN01-0025-B,37.6173,127.1112,1.0,2022-12-01
중랑구,신내1동 823 (신내3단지 구릉공원 #1)_C-SN01-0023,37.6172,127.1099,1.0,2022-12-01
중랑구,신내1동 823 (신내3단지 구릉공원 #3)_C-SN01-0025,37.6173,127.1112,1.0,2022-12-01
중랑구,신내1동 823 (신내3단지 구릉공원 #2)_C-SN01-0024,37.6170,127.1105,1.0,2022-12-01
중랑구,신내1동 산 139(고정3)_C-SN01-0014-C,37.6087,127.0872,1.0,2022-12-01
중랑구,신내2동 530-4(고정2)_C-SN02-0010-B,37.6025,127.0950,1.0,2022-12-01
중랑구,신내1동 산2-37 (고정2)_C-SN01-0048-B,37.6193,127.1109,1.0,2022-12-01
중랑구,신내1동 산136-11 (9단지공원 동일교회맞은편)_C-SN01-0015,37.6109,127.0941,1.0,2022-12-01
중랑구,신내1동 산2-37 (고정1)_C-SN01-0049-A,37.6191,127.1116,1.0,2022-12-01
중랑구,신내1동 산136-11(고정1)_C-SN01-0015-A,37.6109,127.0941,1.0,2022-12-01
중랑구,신내1동 산2-37 (고정1)_C-SN01-0048-A,37.6193,127.1109,1.0,2022-12-01
중랑구,신내1동 산136-11(고정2)_C-SN01-0015-B,37.6109,127.0941,1.0,2022-12-01
중랑구,신내2동 530-4(고정1)_C-SN02-0010-A,37.6025,127.0950,1.0,2022-12-01
중랑구,신내2동 522-1 (대건어린이집 곡각)_C-SN02-0023,37.6026,127.0958,1.0,2022-12-01
중랑구,신내1동 산2-37 (청남공원 화장실앞)_C-SN01-0048,37.6193,127.1109,1.0,2022-12-01
중랑구,신내1동 산2-37 (고정2)_C-SN01-0049-B,37.6191,127.1116,1.0,2022-12-01
중랑구,신내2동 530-4 (맞은편하나부동산앞)_C-SN02-0010,37.6025,127.0950,1.0,2022-12-01
중랑구,신내2동 522-1 (대건어린이집곡각 보조)_C-SN02-0023-1,37.6029,127.0958,1.0,2022-12-01
중랑구,신내2동 522-1(고정2)_C-SN02-0023-B,37.6026,127.0958,1.0,2022-12-01
중랑구,신내1동 산2-37 (청남공원 전망대)_C-SN01-0049,37.6191,127.1116,1.0,2022-12-01
중랑구,신내2동 538-5(고정1)_C-SN02-0022-A,37.6037,127.0955,1.0,2022-12-01
중랑구,중화1동 119(고정4)_979,37.6018,127.0836,1.0,2022-12-01
중랑구,신내2동 656-1(고정3)_C-SN02-0008-C,37.6134,127.0942,1.0,2022-12-01
중랑구,신내2동 650(고정1)_C-SN02-0016-A,37.6157,127.0913,1.0,2022-12-01
중랑구,신내2동 531(고정3)_C-SN02-0018-C,37.6035,127.0940,1.0,2022-12-01
중랑구,신내2동 538-5 (하나공인중개사 앞)_C-SN02-0022,37.6037,127.0955,1.0,2022-12-01
중랑구,신내2동 537-19 (중화초교 뒤 보조2)_C-SN02-0010-2,37.6031,127.0954,1.0,2022-12-01
중랑구,신내2동 537-19 (중화초교 뒤 보조1)_C-SN02-0010-1,37.6031,127.0954,1.0,2022-12-01
중랑구,신내2동 650 (은하수공원)_C-SN02-0016,37.6157,127.0913,1.0,2022-12-01
중랑구,신내2동 561(고정3)_964,37.6056,127.0952,1.0,2022-12-01
중랑구,신내2동 561(고정2)_964,37.6056,127.0952,1.0,2022-12-01
중랑구,신내2동 538-5(고정3)_C-SN02-0022-C,37.6037,127.0955,1.0,2022-12-01
중랑구,신내2동 602-1(고정4)_C-SN02-0001-D,37.6066,127.0919,1.0,2022-12-01
중랑구,신내2동 602-1 (봉수대공원입구.중랑구청옆)_C-SN02-0001,37.6066,127.0919,1.0,2022-12-01
중랑구,신내2동 602-1(고정2)_C-SN02-0001-B,37.6066,127.0919,1.0,2022-12-01
중랑구,신내2동 602-1 (시조목 관리 보조)_C-SN02-0001-A,37.6066,127.0919,1.0,2022-12-01
중랑구,신내2동 651(고정2)_929,37.6150,127.0889,1.0,2022-12-01
중랑구,신내2동 656-1(고정2)_C-SN02-0008-B,37.6134,127.0942,1.0,2022-12-01
중랑구,신내2동 652-1(고정1)_C-SN02-0012-A,37.6138,127.0886,1.0,2022-12-01
중랑구,신내2동 651(고정1)_929,37.6150,127.0889,1.0,2022-12-01
중랑구,신내2동 652(고정3)_C-SN02-0013-C,37.6142,127.0892,1.0,2022-12-01
중랑구,신내2동 651(고정3)_929,37.6150,127.0889,1.0,2022-12-01
중랑구,신내2동 652(고정2)_C-SN02-0013-B,37.6142,127.0892,1.0,2022-12-01
중랑구,신내2동 652 (분수대앞)_C-SN02-0013,37.6142,127.0892,1.0,2022-12-01
중랑구,신내2동 656-1(고정1)_C-SN02-0008-A,37.6134,127.0942,1.0,2022-12-01
중랑구,신내2동 655 (고정1)_C-SN02-0026-A,37.6135,127.0912,1.0,2022-12-01
중랑구,신내2동 652-1(고정3)_C-SN02-0012-C,37.6138,127.0886,1.0,2022-12-01
중랑구,신내2동 652-1(고정2)_C-SN02-0012-B,37.6138,127.0886,1.0,2022-12-01
중랑구,신내2동 655(고정2)_C-SN02-0026-B,37.6135,127.0912,1.0,2022-12-01
중랑구,신내2동 655 (봉화초등학교정문앞)_C-SN02-0026,37.6135,127.0912,1.0,2022-12-01
중랑구,신내2동 655(고정2)_C-SN02-0020-B,37.6120,127.0931,1.0,2022-12-01
중랑구,신내2동 655(고정1)_C-SN02-0020-A,37.6120,127.0931,1.0,2022-12-01
중랑구,신내2동 660-1 (꽃피울어린이공원)_C-SN02-0017,37.6085,127.0941,1.0,2022-12-01
중랑구,중화1동 119(고정3)_979,37.6018,127.0836,1.0,2022-12-01
중랑구,신내동 665(우리은행 중랑구청지점 앞)_C-SN02-0028,37.6064,127.0940,1.0,2022-12-01
중랑구,신내2동 665(고정3)_C-SN02-0028-C,37.6064,127.0940,1.0,2022-12-01
중랑구,신내2동 665(고정2)_C-SN02-0028-B,37.6064,127.0940,1.0,2022-12-01
중랑구,신내2동 665 (신현초교정문)_C-SN02-0019,37.6060,127.0942,1.0,2022-12-01
중랑구,신내2동 665(고정2)_C-SN02-0019-B,37.6060,127.0942,1.0,2022-12-01
중랑구,신내2동 665(고정1)_C-SN02-0028-A,37.6064,127.0940,1.0,2022-12-01
중랑구,신내2동 산127-5 (고정)_C-SN02-0025-A,37.6082,127.0926,1.0,2022-12-01
중랑구,신내2동 780-2 (신내공원)_C-SN02-0024,37.6126,127.0888,1.0,2022-12-01
중랑구,신내2동 780-2 (신내공원 탄약고 보조2)_C-SN02-0024-3,37.6127,127.0887,1.0,2022-12-01
중랑구,신내2동 780-2 (신내공원 고정)_C-SN02-0024-A,37.6126,127.0888,1.0,2022-12-01
중랑구,신내2동 784-1(고정2)_C-SN02-0015-B,37.6050,127.0939,1.0,2022-12-01
중랑구,신내2동 780-2 (신내공원앞 탄약고 보조1)_C-SN02-0024-2,37.6127,127.0887,1.0,2022-12-01
중랑구,신내2동 784-1 (신현초등학교 후문)_C-SN02-0015,37.6050,127.0939,1.0,2022-12-01
중랑구,신내2동 783 (예원유치원앞)_C-SN02-0021,37.6043,127.0939,1.0,2022-12-01
중랑구,중랑천 물놀이장 #3,37.5820,127.0772,1.0,2022-12-01
중랑구,중화1동 119(고정2)_979,37.6018,127.0836,1.0,2022-12-01
중랑구,중화 펌프장(후문),37.5983,127.0718,1.0,2022-12-01
중랑구,중랑천 물놀이장 #1,37.5820,127.0772,1.0,2022-12-01
중랑구,중화 펌프장(펌프장),37.5983,127.0718,1.0,2022-12-01
중랑구,중랑천 물놀이장 #4,37.5820,127.0772,1.0,2022-12-01
중랑구,중화 펌프장(조정실),37.5983,127.0718,1.0,2022-12-01
중랑구,중화 펌프장(외수위),37.5983,127.0718,1.0,2022-12-01
중랑구,중화1동 119(고정1)_979,37.6018,127.0836,1.0,2022-12-01
